BE,Belgium,371.8,373.7,373.6,375.3,377.3
BE1,Région de Bruxelles-Capitale/Brussels Hoofdstedelijk Gewest,7408,7454.6,7421.6,7471.5,7526.7
BE10,Région de Bruxelles-Capitale/Brussels Hoofdstedelijk Gewest,7408,7454.6,7421.6,7471.5,7526.7
BE100,Arr. de Bruxelles-Capitale/Arr. Brussel-Hoofdstad,7408,7454.6,7421.6,7471.5,7526.7
BE2,Vlaams Gewest,484.5,487.2,487.2,489.9,492.8
BE21,Prov. Antwerpen,652,655.9,657.7,661.6,665.8
BE211,Arr. Antwerpen,1079.5,1085.6,1087.9,1093.8,1100.5
BE212,Arr. Mechelen,676.2,681.1,685.1,689.5,693.9
BE213,Arr. Turnhout,337.7,339.6,340.4,342.7,345
BE22,Prov. Limburg (BE),361.9,363.6,364.5,365.8,367.5
BE221,Arr. Hasselt (NUTS 2016),474.9,477.5,478.1,480.1,482.6
BE222,Arr. Maaseik (NUTS 2016),275.1,276.5,277.4,278,279
BE223,Arr. Tongeren,321.7,322.8,323.6,324.8,326.1
BE23,Prov. Oost-Vlaanderen,503.4,506.7,505.8,508.8,512.3
BE231,Arr. Aalst,606.8,610.2,609.2,613.8,618.6
BE232,Arr. Dendermonde,592.2,594.9,590.3,592.5,595.6
BE233,Arr. Eeklo,252.4,253.3,253.1,254.7,256.4
BE234,Arr. Gent,586.3,591.2,591.3,594.5,598.2
BE235,Arr. Oudenaarde,293.4,294.2,292.4,293.5,294.4
BE236,Arr. Sint-Niklaas,537.5,541.9,542.5,546.6,551.8
BE24,Prov. Vlaams-Brabant,532.2,536,536.7,540.5,544.7
BE241,Arr. Halle-Vilvoorde,659.6,664.9,665.6,670.9,677.2
BE242,Arr. Leuven,428.8,431.5,432.1,434.6,437.2
BE25,Prov. West-Vlaanderen,378.3,379.5,377.9,379.2,380.8
BE251,Arr. Brugge,433.1,433.9,432.2,432.9,433.7
BE252,Arr. Diksmuide,141.2,141.8,141.1,141.5,141.9
BE253,Arr. Ieper,194.1,194.1,192.6,192.6,193
BE254,Arr. Kortrijk,712.6,715.5,711.3,714.6,718.7
BE255,Arr. Oostende,533,534.8,535.3,537.6,539.8
BE256,Arr. Roeselare,549.9,553.3,552.7,557.2,562.1
BE257,Arr. Tielt,279.4,280.1,279,279.8,281.1
BE258,Arr. Veurne,223.4,223.9,221.8,222.6,222.9
BE3,Région wallonne,214.8,215.6,215.3,215.8,216.6
BE31,Prov. Brabant wallon,363,365.5,365.2,367.3,369.7
BE310,Arr. Nivelles,363,365.5,365.2,367.3,369.7
BE32,Prov. Hainaut,354.8,355.4,353.4,353.9,354.8
BE321,Arr. Ath (NUTS 2016),177.8,178.3,177.1,177.5,178.1
BE322,Arr. Charleroi (NUTS 2016),777.1,777.2,771.4,772.2,773.3
BE323,Arr. Mons,444.6,444.9,443.1,443.5,444
BE324,Arr. Mouscron (NUTS 2016),748.9,752.5,746.1,749,755.9
BE325,Arr. Soignies (NUTS 2016),365.5,366.8,367.2,368.6,370.8
BE326,Arr. Thuin (NUTS 2016),163.3,163.6,162.8,162.9,163
BE327,Arr. Tournai (NUTS 2016),242.5,242.9,241.2,241.3,241.5
BE33,Prov. Liège,286.5,287.4,288.5,289,289.7
BE331,Arr. Huy,171.3,172,172.1,172.5,173.2
BE332,Arr. Liège,791.4,793.5,796,797,798.3
BE334,Arr. Waremme,203.2,205,206.8,208.3,209.6
BE335,Arr. Verviers - communes francophones,180.8,181.2,181.2,181.3,181.6
BE336,Bezirk Verviers - Deutschsprachige Gemeinschaft,90.5,90.9,91.7,92.1,92.6
BE34,Prov. Luxembourg (BE),63.5,64,63.8,64.1,64.6
BE341,Arr. Arlon,192.2,194.8,195.7,196.8,198.6
BE342,Arr. Bastogne,45.9,46.6,46.6,46.8,47.4
BE343,Arr. Marche-en-Famenne,59.6,59.7,59.3,59.6,60
BE344,Arr. Neufchâteau,46.3,46.5,46.5,46.6,46.8
BE345,Arr. Virton,69.4,69.5,68.9,69.1,69.4
BE35,Prov. Namur,134.2,134.9,135,135.3,135.9
BE351,Arr. Dinant,69.5,70.1,70,70.2,70.6
BE352,Arr. Namur,269.6,270.9,271.6,272.6,273.7
BE353,Arr. Philippeville,74.3,74.5,73.9,73.8,74.1
BG,Bulgaria,66.2,64.8,64.3,63.9,63.4
BG3,Severna i yugoiztochna Bulgaria,54.1,52.9,52.4,51.8,51.3
BG31,Severozapaden,42.5,41.2,40.5,39.8,39
BG311,Vidin,31.3,30.1,29.4,28.7,28.1
BG312,Montana,39.1,38,37.3,36.6,35.9
BG313,Vratsa,48.9,47.6,46.7,45.8,45
BG314,Pleven,56.6,54.7,53.8,53,52.1
BG315,Lovech,32.3,31.6,31.1,30.5,30
BG32,Severen tsentralen,57,55.3,54.6,53.9,53.1
BG321,Veliko Tarnovo,53.9,52.7,52.1,51.4,50.6
BG322,Gabrovo,61.4,56.1,55.2,54.2,53.3
BG323,Ruse,81.5,79.9,79.2,78.3,77.2
BG324,Razgrad,49.5,48.3,47.6,46.9,46.3
BG325,Silistra,40.9,40.2,39.7,39.3,38.8
BG33,Severoiztochen,65.5,64.7,64.3,64,63.7
BG331,Varna,126.3,125.1,125,124.9,124.6
BG332,Dobrich,38.6,38.1,37.6,37.1,36.7
BG333,Shumen,52.8,51.9,51.5,51.2,51.1
BG334,Targovishte,43.3,42.4,41.9,41.5,41.3
BG34,Yugoiztochen,54.8,53.6,53.2,52.9,52.5
BG341,Burgas,55.4,54.1,54,53.8,53.7
BG342,Sliven,55.1,54.1,53.7,53.2,52.6
BG343,Yambol,37.9,36.9,36.4,35.8,35.4
BG344,Stara Zagora,64.7,63.3,62.8,62.3,61.8
BG4,Yugozapadna i yuzhna tsentralna Bulgaria,85.6,83.8,83.5,83.1,82.8
BG41,Yugozapaden,107.1,104.7,104.4,104.1,103.7
BG411,Sofia (stolitsa),1029.8,1012,1014.2,1015.9,1017.2
BG412,Sofia,34.3,33.4,33,32.7,32.3
BG413,Blagoevgrad,50.4,48.4,48,47.6,47.2
BG414,Pernik,54.1,52.4,51.7,51.1,50.4
BG415,Kyustendil,41.6,40.9,40.1,39.4,38.7
BG42,Yuzhen tsentralen,66,64.7,64.3,63.9,63.7
BG421,Plovdiv,115.8,113.9,113.6,113.3,113.1
BG422,Haskovo,43.6,43,42.5,42,41.5
BG423,Pazardzhik,62.9,59.7,59.1,58.5,57.9
BG424,Smolyan,35.4,34.6,34,33.3,32.8
BG425,Kardzhali,48.1,47.7,47.7,48,49.1
CZ,Czechia,136.6,136.8,137.2,137.7,138.2
CZ0,Cesko,136.6,136.8,137.2,137.7,138.2
CZ01,Praha,2604.7,2626.8,2654.7,2683.7,2714.3
CZ010,Hlavní mesto Praha,2604.7,2626.8,2654.7,2683.7,2714.3
CZ02,Strední Cechy,122.3,124.4,125.6,127,128.5
CZ020,Stredoceský kraj,122.3,124.4,125.6,127,128.5
CZ03,Jihozápad,71.1,70.9,71.1,71.4,71.8
CZ031,Jihocecký kraj,66.3,66.4,66.5,66.7,66.9
CZ032,Plzenský kraj,77.4,76.7,77,77.4,78
CZ04,Severozápad,132.4,132.1,131.9,131.7,131.7
CZ041,Karlovarský kraj,92.1,91.8,91.4,91.1,91
CZ042,Ústecký kraj,157.4,157.1,156.9,156.8,156.8
CZ05,Severovýchod,123,123.1,123.2,123.4,123.7
CZ051,Liberecký kraj,141,141.3,141.6,141.8,142.2
CZ052,Královéhradecký kraj,117.8,117.7,117.6,117.7,117.7
CZ053,Pardubický kraj,115.9,116,116.2,116.6,117.1
CZ06,Jihovýchod,122.8,123,123.3,123.6,124
CZ063,Kraj Vysocina,76.4,76.3,76.3,76.3,76.3
CZ064,Jihomoravský kraj,166.8,167.4,167.9,168.6,169.2
CZ07,Strední Morava,133.8,133.6,133.4,133.3,133.2
CZ071,Olomoucký kraj,122,121.7,121.6,121.4,121.3
CZ072,Zlínský kraj,149.6,149.4,149.2,149.1,149.1
CZ08,Moravskoslezsko,228.9,228,227.3,226.7,226.2
CZ080,Moravskoslezský kraj,228.9,228,227.3,226.7,226.2
DK,Denmark,132.4,136.4,137.3,138,138.5
DK0,Danmark,132.4,136.4,137.3,138,138.5
DK01,Hovedstaden,695.1,738.5,745.4,751.2,756
DK011,Byen København,4170.2,4361.4,4424.9,4481.8,4536.6
DK012,Københavns omegn,1571,1639.2,1649.5,1657,1660.5
DK013,Nordsjælland,314,339.8,341.5,342.8,343.6
DK014,Bornholm,67.8,68.5,68.4,68.3,68.2
DK02,Sjælland,114.1,117.3,117.8,118.1,118.3
DK021,Østsjælland,301.1,310.6,312.5,314.2,316.1
DK022,Vest- og Sydsjælland,90.5,93,93.3,93.4,93.4
DK03,Syddanmark,98.6,101.3,101.7,101.9,102
DK031,Fyn,140.9,144.4,145.1,145.8,146.1
DK032,Sydjylland,81.9,84.1,84.4,84.5,84.5
DK04,Midtjylland,99,101.7,102.5,103.2,103.7
DK041,Vestjylland,59.5,61.1,61.3,61.3,61.3
DK042,Østjylland,147.5,151.3,152.8,154.1,155.3
DK05,Nordjylland,74.1,76,76.2,76.4,76.4
DK050,Nordjylland,74.1,76,76.2,76.4,76.4
DE,Germany (until 1990 former territory of the FRG),228.4,233.1,234,234.7,235.2
DE1,Baden-Württemberg,302.1,308.8,310.8,312.5,313.5
DE11,Stuttgart,382.6,387.1,389.8,392,393.3
DE111,"Stuttgart, Stadtkreis",2985.9,3038.3,3060.1,3076.6,3084.3
DE112,Böblingen,611.3,620.7,627.4,632,634.7
DE113,Esslingen,811.9,821.3,827.8,831.8,833.8
DE114,Göppingen,391.6,395.1,397.9,400,401.4
DE115,Ludwigsburg,771.8,782.5,788.7,793.1,795.2
DE116,Rems-Murr-Kreis,485.7,490.8,493.9,495.9,497.3
DE117,"Heilbronn, Stadtkreis",1212,1231.7,1244.4,1255.4,1262.8
DE118,"Heilbronn, Landkreis",301.7,306,308.9,311.4,313.1
DE119,Hohenlohekreis,140.9,142.1,142.9,143.8,144.6
DE11A,Schwäbisch Hall,128.2,129.6,130.4,131.4,132.3
DE11B,Main-Tauber-Kreis,100.6,101.5,101.5,101.5,101.6
DE11C,Heidenheim,206.9,209,210.1,210.9,211.5
DE11D,Ostalbkreis,205.4,206.7,206.6,207.4,208
DE12,Karlsruhe,396.4,403.9,406.3,408.2,409.3
DE121,"Baden-Baden, Stadtkreis",383.9,390.2,392.2,395.1,396.8
DE122,"Karlsruhe, Stadtkreis",1756.7,1827.7,1840,1849.1,1849.6
DE123,"Karlsruhe, Landkreis",399.6,410.6,413.8,415.6,416.7
DE124,Rastatt,306.3,315.6,317.5,319,319.8
DE125,"Heidelberg, Stadtkreis",1426.5,1477.5,1497.7,1499.8,1503.9
DE126,"Mannheim, Stadtkreis",2088.4,2180.6,2188.5,2204.9,2214.4
DE127,Neckar-Odenwald-Kreis,126.4,127.4,127.6,127.7,127.9
DE128,Rhein-Neckar-Kreis,506.9,515.3,517.6,519.2,519.9
DE129,"Pforzheim, Stadtkreis",1232.3,1253.8,1264.2,1274.6,1283.2
DE12A,Calw,193.3,195.3,196.6,198.1,199.2
DE12B,Enzkreis,339.5,342.6,344.6,346.1,347.1
DE12C,Freudenstadt,133,134,134.7,135.4,135.9
DE13,Freiburg,236,241,242.6,244,244.9
DE131,"Freiburg im Breisgau, Stadtkreis",1466,1483.6,1494.2,1502.9,1508
DE132,Breisgau-Hochschwarzwald,185.1,189.5,191.4,192.2,192.7
DE133,Emmendingen,236.6,240.3,242.2,243.8,245
DE134,Ortenaukreis,224.7,228.8,230.4,232.1,233.4
DE135,Rottweil,177.8,179.3,180.2,181,181.6
DE136,Schwarzwald-Baar-Kreis,202.8,204.9,205.7,206.8,207.5
DE137,Tuttlingen,184.8,187.1,189,190.4,191.4
DE138,Konstanz,339.9,365.2,367.7,369.7,371.2
DE139,Lörrach,279.1,283.2,284.2,284.9,285.1
DE13A,Waldshut,147.2,149.8,150.8,151.6,152
DE14,Tübingen,202.9,210.6,212,213.2,214.2
DE141,Reutlingen,256.5,259.2,260.9,262.1,262.7
DE142,"Tübingen, Landkreis",424.1,431,434.7,437.3,440.2
DE143,Zollernalbkreis,204.2,204.8,204.6,205.4,206
DE144,"Ulm, Stadtkreis",1022.5,1036.1,1048.5,1058.5,1063.5
DE145,Alb-Donau-Kreis,140.3,142.1,143,144.1,145
DE146,Biberach,136.4,138.8,140.3,141.5,142.6
DE147,Bodenseekreis,317,476.8,479.5,483.1,486.2
DE148,Ravensburg,169.9,172.3,173.5,174.3,175
DE149,Sigmaringen,107.3,108.8,108.5,108.8,109.1
DE2,Bayern,181,184.4,185.5,186.5,187.4
DE21,Oberbayern,259.8,268.3,270.1,271.6,273.4
DE211,"Ingolstadt, Kreisfreie Stadt",990.4,1023.4,1034.2,1047,1055.3
DE212,"München, Kreisfreie Stadt",4630.2,4701.1,4710.2,4721.9,4767.3
DE213,"Rosenheim, Kreisfreie Stadt",1658.6,1682.6,1699.4,1708.2,1714.5
DE214,Altötting,189.8,193.5,195.2,196.8,197.8
DE215,Berchtesgadener Land,123.1,125.2,125.9,126.7,127.2
DE216,Bad Tölz-Wolfratshausen,111.7,115.5,116.2,117,117.6
DE217,Dachau,255.3,259.7,262.6,265.2,267.1
DE218,Ebersberg,248,252.7,255.8,258.6,261.2
DE219,Eichstätt,105.4,107.2,108.4,109,109.5
DE21A,Erding,152.5,154.7,156.5,157.8,158.5
DE21B,Freising,214.7,219,222,224,225.3
DE21C,Fürstenfeldbruck,487.1,494.6,499.6,502.5,504.2
DE21D,Garmisch-Partenkirchen,85.6,87.6,88,88.3,88.4
DE21E,Landsberg am Lech,145.4,157.8,158.8,159.7,160.5
DE21F,Miesbach,112.6,115.4,115.9,116.5,116.9
DE21G,Mühldorf am Inn,138.1,140.6,142.1,143.4,144.3
DE21H,"München, Landkreis",506.6,519.3,524.2,528.3,531.4
DE21I,Neuburg-Schrobenhausen,127.1,130.1,131.1,131.7,132.5
DE21J,Pfaffenhofen an der Ilm,161.4,165.3,166.7,168,169.3
DE21K,"Rosenheim, Landkreis",176.5,181.3,182.5,183.8,184.4
DE21L,Starnberg,272,315.7,318,319.6,320.9
DE21M,Traunstein,112.8,120.8,121.5,122.1,122.5
DE21N,Weilheim-Schongau,136.7,139.5,140.2,141,141.6
DE22,Niederbayern,116.7,118.5,119.4,120.3,121
DE221,"Landshut, Kreisfreie Stadt",1035.8,1054.8,1069.8,1087.9,1104.7
DE222,"Passau, Kreisfreie Stadt",718,781.8,791.2,801.9,809.8
DE223,"Straubing, Kreisfreie Stadt",682.6,722.7,728.7,733.7,735.3
DE224,Deggendorf,134.9,137.8,139,140,140.5
DE225,Freyung-Grafenau,79.3,79.4,79.5,79.6,79.6
DE226,Kelheim,110.5,112.8,113.8,114.9,115.8
DE227,"Landshut, Landkreis",113.6,115.4,116.4,117.6,118.6
DE228,"Passau, Landkreis",122.4,124.4,125.1,126.2,126.9
DE229,Regen,78.5,79.1,79.5,79.7,79.7
DE22A,Rottal-Inn,92.7,93.7,94.1,94.5,95
DE22B,Straubing-Bogen,81.9,83.3,83.8,84.4,84.9
DE22C,Dingolfing-Landau,106.8,108.5,109.4,110.1,110.6
DE23,Oberpfalz,112.2,113.6,114.2,114.8,115.2
DE231,"Amberg, Kreisfreie Stadt",834,842.1,846,842.2,841.8
DE232,"Regensburg, Kreisfreie Stadt",1776.3,1861.4,1895.8,1920.9,1934.8
DE233,"Weiden in der Oberpfalz, Kreisfreie Stadt",590.6,595.4,598.9,599,600.4
DE234,Amberg-Sulzbach,82.3,82.3,82,82,82.1
DE235,Cham,83,83.5,83.8,84.1,84.3
DE236,Neumarkt in der Oberpfalz,96.5,97.5,98.3,99,99.8
DE237,Neustadt an der Waldnaab,66.6,66.7,66.5,66.4,66.4
DE238,"Regensburg, Landkreis",135.3,137.6,138.7,139.8,140.5
DE239,Schwandorf,98.5,100.3,100.9,101.5,102
DE23A,Tirschenreuth,67.6,67.7,67.4,67.2,66.9
DE24,Oberfranken,146.2,147,147.5,147.9,147.8
DE241,"Bamberg, Kreisfreie Stadt",1320.8,1355.2,1390.2,1407,1408.8
DE242,"Bayreuth, Kreisfreie Stadt",1072.8,1083.7,1097.5,1109.4,1115.2
DE243,"Coburg, Kreisfreie Stadt",857.5,857.6,857.4,859.2,857.5
DE244,"Hof, Kreisfreie Stadt",767.1,788.1,799.4,806,804.9
DE245,"Bamberg, Landkreis",124.3,125.6,126,126.5,126.7
DE246,"Bayreuth, Landkreis",82,81.7,81.5,81.4,81.4
DE247,"Coburg, Landkreis",146.9,146.9,147.1,147.3,147.2
DE248,Forchheim,177.9,179.2,179.9,180.5,180.9
DE249,"Hof, Landkreis",108.1,107.9,107.6,107.2,106.7
DE24A,Kronach,104.2,104.1,103.8,103.4,102.8
DE24B,Kulmbach,110.2,109.8,109.4,109.3,109
DE24C,Lichtenfels,128.1,128.9,129,129.2,129.2
DE24D,Wunsiedel im Fichtelgebirge,120.9,120.8,121.1,121,120.3
DE25,Mittelfranken,238.4,241.8,243.3,244.7,245.7
DE251,"Ansbach, Kreisfreie Stadt",405.8,413.5,415.9,417.5,418.2
DE252,"Erlangen, Kreisfreie Stadt",1394.5,1438,1455.5,1466.8,1476.9
DE253,"Fürth, Kreisfreie Stadt",1949.9,1980.7,1999.4,2018,2033.7
DE254,"Nürnberg, Kreisfreie Stadt",2717.9,2761.1,2775.2,2793.4,2802
DE255,"Schwabach, Kreisfreie Stadt",980.1,989.5,993.8,994.8,997.2
DE256,"Ansbach, Landkreis",91.5,92.2,92.7,93.2,93.5
DE257,Erlangen-Höchstadt,236.3,240.8,241.9,243.4,245.1
DE258,"Fürth, Landkreis",371.6,375,378.1,380.4,383.1
DE259,Nürnberger Land,208.5,210.6,211.9,212.8,213.5
DE25A,Neustadt an der Aisch-Bad Windsheim,77.6,78.2,78.5,78.9,79.5
DE25B,Roth,139.1,140.7,141.2,142,142.4
DE25C,Weißenburg-Gunzenhausen,95.7,98,98.4,98.6,98.9
DE26,Unterfranken,152.7,153.9,154.4,154.8,155.1
DE261,"Aschaffenburg, Kreisfreie Stadt",1106.1,1132.6,1140.3,1151.3,1160.1
DE262,"Schweinfurt, Kreisfreie Stadt",1438.6,1495.6,1516.6,1535.3,1535.1
DE263,"Würzburg, Kreisfreie Stadt",1415.3,1441.9,1452,1462.7,1470.2
DE264,"Aschaffenburg, Landkreis",247.8,249.8,250,250.5,250.7
DE265,Bad Kissingen,90.6,90.7,90.7,90.8,90.8
DE266,Rhön-Grabfeld,78,78.1,78.1,78,77.9
DE267,Haßberge,88.2,88.8,88.8,88.9,88.8
DE268,Kitzingen,130,131.5,132.3,133.1,133.7
DE269,Miltenberg,179,181.5,181.5,181.7,181.8
DE26A,Main-Spessart,95.4,96.1,96.3,96.3,96.2
DE26B,"Schweinfurt, Landkreis",135.9,137,137.2,137.4,137.6
DE26C,"Würzburg, Landkreis",165.1,166.2,166.7,167.1,167.6
DE27,Schwaben,183.5,187.3,188.7,190.2,191.5
DE271,"Augsburg, Kreisfreie Stadt",1930.2,1959,1981.1,2000,2012.6
DE272,"Kaufbeuren, Kreisfreie Stadt",1059.3,1073.3,1082.7,1092.1,1103.6
DE273,"Kempten (Allgäu), Kreisfreie Stadt",1052.2,1067.3,1078.2,1089.2,1095.7
DE274,"Memmingen, Kreisfreie Stadt",607.4,615.2,619.7,623.6,628.1
DE275,Aichach-Friedberg,166.8,168.6,169.7,171.1,172.4
DE276,"Augsburg, Landkreis",228,230.4,232.4,234.3,236
DE277,Dillingen an der Donau,118.7,121.2,121.6,122.6,123.5
DE278,Günzburg,160.7,162.9,163.8,165.3,167
DE279,Neu-Ulm,327.7,333.3,335.5,338.6,341.2
DE27A,Lindau (Bodensee),247.4,284.1,285.4,286.6,288.1
DE27B,Ostallgäu,98.1,100.6,101.2,102,102.7
DE27C,Unterallgäu,113.5,114.7,115.6,116.8,117.9
DE27D,Donau-Ries,102.6,104,104.6,105.1,105.4
DE27E,Oberallgäu,99.4,100.9,101.5,102,102.5
DE3,Berlin,3922.5,4193.2,4248.4,4289.8,4322.9
DE30,Berlin,3922.5,4193.2,4248.4,4289.8,4322.9
DE300,Berlin,3922.5,4193.2,4248.4,4289.8,4322.9
DE4,Brandenburg,83.3,85.8,86.1,86.4,86.7
DE40,Brandenburg,83.3,85.8,86.1,86.4,86.7
DE401,"Brandenburg an der Havel, Kreisfreie Stadt",310,365.4,366.2,367.4,368.1
DE402,"Cottbus, Kreisfreie Stadt",599.9,606.4,610.5,609.9,605.7
DE403,"Frankfurt (Oder), Kreisfreie Stadt",391,403.8,404.3,403.2,401.5
DE404,"Potsdam, Kreisfreie Stadt",882.4,992.9,1016.1,1034.5,1048
DE405,Barnim,119.1,124.4,125.6,126.8,128.3
DE406,Dahme-Spreewald,71.8,74.9,75.5,76.2,77
DE407,Elbe-Elster,55.2,55.5,55.2,54.7,54.3
DE408,Havelland,90.8,93.2,93.9,94.6,95.2
DE409,Märkisch-Oderland,87.8,89.8,90.4,91,91.7
DE40A,Oberhavel,114.1,117.4,118.1,118.8,119.7
DE40B,Oberspreewald-Lausitz,92.1,96.3,95.7,95.1,94.4
DE40C,Oder-Spree,79.8,82,81,81,81.1
DE40D,Ostprignitz-Ruppin,39.2,40.1,40.2,40.1,40
DE40E,Potsdam-Mittelmark,80.7,83,83.5,84,84.6
DE40F,Prignitz,36.3,36.6,36.5,36.2,36
DE40G,Spree-Neiße,71.1,71.9,71.3,70.5,70
DE40H,Teltow-Fläming,77.2,78.6,79.4,80.2,81
DE40I,Uckermark,39.3,40.5,40.4,40.2,40
DE5,Bremen,1587.4,1726.7,1738.9,1744.3,1744.5
DE50,Bremen,1587.4,1726.7,1738.9,1744.3,1744.5
DE501,"Bremen, Kreisfreie Stadt",1701.3,1811.6,1828.6,1834.4,1833.7
DE502,"Bremerhaven, Kreisfreie Stadt",1192.3,1401.6,1395.4,1399.1,1402.9
DE6,Hamburg,2351.1,2533.7,2564.1,2585.7,2597.5
DE60,Hamburg,2351.1,2533.7,2564.1,2585.7,2597.5
DE600,Hamburg,2351.1,2533.7,2564.1,2585.7,2597.5
DE7,Hessen,290.6,294.4,296,297.3,298.4
DE71,Darmstadt,522.9,532.4,536.1,539.3,542.2
DE711,"Darmstadt, Kreisfreie Stadt",1259.1,1281.9,1293.8,1301.1,1307.7
DE712,"Frankfurt am Main, Kreisfreie Stadt",2924,2998.2,3027.1,3061.1,3094.8
DE713,"Offenbach am Main, Kreisfreie Stadt",2719.1,2821.9,2855.1,2902.3,2943.5
DE714,"Wiesbaden, Kreisfreie Stadt",1351.3,1391.6,1397.7,1399.5,1399
DE715,Bergstraße,368.6,376.1,377.4,378.7,379.8
DE716,Darmstadt-Dieburg,440.6,446.4,448.9,450.9,452.3
DE717,Groß-Gerau,581.5,605.3,611.4,617.6,622.5
DE718,Hochtaunuskreis,481.6,485.9,488.6,490.2,491.2
DE719,Main-Kinzig-Kreis,293.1,297.2,299.5,300.3,301.1
DE71A,Main-Taunus-Kreis,1042.4,1060.1,1069.4,1074,1077.6
DE71B,Odenwaldkreis,154.7,155,154.7,155,155
DE71C,"Offenbach, Landkreis",967.7,987.7,993.9,999.7,1005.5
DE71D,Rheingau-Taunus-Kreis,225.8,231.1,232.7,233.6,233.9
DE71E,Wetteraukreis,272.2,275.4,276.9,278.1,279.5
DE72,Gießen,192.2,193.8,194.3,194.7,194.9
DE721,"Gießen, Landkreis",305.5,309.6,312.3,314.1,316.3
DE722,Lahn-Dill-Kreis,236.5,238.1,238.6,238.5,238.1
DE723,Limburg-Weilburg,231.9,233.1,233.1,233.1,233.1
DE724,Marburg-Biedenkopf,192.7,194.2,194.6,195.3,195.6
DE725,Vogelsbergkreis,73,73.4,73.1,72.8,72.5
DE73,Kassel,145.7,147.1,147.4,147.5,147.5
DE731,"Kassel, Kreisfreie Stadt",1835.2,1872.9,1885.8,1897.7,1904.3
DE732,Fulda,158.5,159.9,160.5,161,161.5
DE733,Hersfeld-Rotenburg,109.6,110.4,110.4,110.3,110.1
DE734,"Kassel, Landkreis",181.5,182.8,183.1,183,183.1
DE735,Schwalm-Eder-Kreis,117,117.7,117.9,117.6,117.2
DE736,Waldeck-Frankenberg,85,86,85.9,85.7,85.4
DE737,Werra-Meißner-Kreis,98,98.7,98.9,98.9,98.7
DE8,Mecklenburg-Vorpommern,68.9,71.4,71.4,71.3,71.3
DE80,Mecklenburg-Vorpommern,68.9,71.4,71.4,71.3,71.3
DE803,"Rostock, Kreisfreie Stadt",1133.1,1148.7,1155.3,1159.2,1161.3
DE804,"Schwerin, Kreisfreie Stadt",721.1,1013,1007.7,1008.5,1007.7
DE80J,Mecklenburgische Seenplatte,47.9,51.2,51,50.8,50.5
DE80K,Landkreis Rostock,62,63.3,63.5,63.6,63.8
DE80L,Vorpommern-Rügen,69.9,70.7,70.8,70.7,70.7
DE80M,Nordwestmecklenburg,73.5,75.9,76.1,76,76.1
DE80N,Vorpommern-Greifswald,60.6,61,60.8,60.7,60.6
DE80O,Ludwigslust-Parchim,44.9,45.8,45.6,45.6,45.5
DE9,Niedersachsen,165.1,167.6,167.9,168.3,168.7
DE91,Braunschweig,195.8,197.5,197.3,197.4,197.3
DE911,"Braunschweig, Kreisfreie Stadt",1295,1302.2,1293.5,1292.5,1296.1
DE912,"Salzgitter, Kreisfreie Stadt",446.5,463.2,471.1,474,473.4
DE913,"Wolfsburg, Kreisfreie Stadt",602.6,607.7,607.4,608,609.1
DE914,Gifhorn,110.6,111.4,111.7,112.1,112.5
DE916,Goslar,142.4,144,143.7,143.2,142.5
DE917,Helmstedt,134.9,136.2,136.3,135.8,135.5
DE918,Northeim,105.9,106,105.3,105,104.7
DE91A,Peine,244.8,249.3,250.3,251.3,252.6
DE91B,Wolfenbüttel,166.4,167.3,166.9,166.2,165.7
DE91C,Göttingen,186.4,187.6,187.2,187.5,186.9
DE92,Hannover,233.9,237.6,238.2,238.8,239
DE922,Diepholz,106.7,108.6,109.1,109.6,109.9
DE923,Hameln-Pyrmont,185.5,186.5,186.5,186.7,186.9
DE925,Hildesheim,228.3,230.2,230,229.7,229.4
DE926,Holzminden,103.1,103.3,102.9,102.5,102
DE927,Nienburg (Weser),85.7,87.2,87.5,87.4,87.4
DE928,Schaumburg,230.8,233.2,234.4,234.5,234.5
DE929,Region Hannover,494.7,506.9,508.7,510.7,511.7
DE93,Lüneburg,108.7,110.6,110.8,111,111.4
DE931,Celle,114.2,115.2,115.4,115.6,115.7
DE932,Cuxhaven,95.9,97.3,97.3,97.2,97.2
DE933,Harburg,197.5,201.1,202.5,203.5,204.7
DE934,Lüchow-Dannenberg,40.3,40.7,40,39.8,39.8
DE935,"Lüneburg, Landkreis",135.1,137.9,138.7,139.4,139.8
DE936,Osterholz,172.3,175.1,174.8,175.4,176
DE937,Rotenburg (Wümme),78.3,78.9,78.9,78.9,79
DE938,Heidekreis,73.5,74.4,74.1,74.1,74.5
DE939,Stade,156.9,169.1,169.8,170.4,171.6
DE93A,Uelzen,63.5,63.6,63.5,63.3,63.2
DE93B,Verden,169.7,172.5,173.7,174.4,174.7
DE94,Weser-Ems,165.4,167.9,168.6,169.2,169.8
DE941,"Delmenhorst, Kreisfreie Stadt",1218.8,1236.8,1246.5,1251,1251.3
DE942,"Emden, Kreisfreie Stadt",449.6,464.1,463.7,462.4,459.2
DE943,"Oldenburg (Oldenburg), Kreisfreie Stadt",1576.4,1615.4,1631.3,1643.6,1653.4
DE944,"Osnabrück, Kreisfreie Stadt",1330.4,1360.3,1368.5,1371.3,1375
DE945,"Wilhelmshaven, Kreisfreie Stadt",708.1,731.7,733.3,733.6,732.5
DE946,Ammerland,165.1,168.6,169.9,170.9,171.9
DE947,Aurich,146.5,148.3,148.6,148.5,148.4
DE948,Cloppenburg,115.2,116.8,118,119.2,120.2
DE949,Emsland,110.1,111.5,112.3,113,113.6
DE94A,Friesland (DE),159.7,162,162.5,162.5,162.7
DE94B,Grafschaft Bentheim,137.5,138.3,138.4,138.8,139.5
DE94C,Leer,153.5,157.4,158,158.7,159.6
DE94D,"Oldenburg, Landkreis",119.9,121.4,122,122.3,122.8
DE94E,"Osnabrück, Landkreis",167.2,168.3,167.8,168.4,168.9
DE94F,Vechta,168.3,170.5,172.1,173.3,174.7
DE94G,Wesermarsch,107.9,110.7,110.6,110.2,109.9
DE94H,Wittmund,86.5,87.1,86.7,86.7,86.9
DEA,Nordrhein-Westfalen,520.4,528.3,529,529.6,530.1
DEA1,Düsseldorf,971.6,1002.4,1004.8,1005.9,1006.7
DEA11,"Düsseldorf, Kreisfreie Stadt",2803.5,2974.3,2986.7,3001.4,3012.6
DEA12,"Duisburg, Kreisfreie Stadt",2095.9,2315.6,2331.7,2328.7,2330.1
DEA13,"Essen, Kreisfreie Stadt",2753.4,2815.7,2817.6,2817.6,2816.1
DEA14,"Krefeld, Kreisfreie Stadt",1621.9,1673.9,1679.7,1680.4,1683.1
DEA15,"Mönchengladbach, Kreisfreie Stadt",1520.1,1532.1,1538.6,1540.1,1536.7
DEA16,"Mülheim an der Ruhr, Kreisfreie Stadt",1848.3,1869.3,1880.2,1879.9,1876.4
DEA17,"Oberhausen, Kreisfreie Stadt",2728.7,2742.3,2745.5,2741.9,2737.6
DEA18,"Remscheid, Kreisfreie Stadt",1456.7,1487.2,1494.6,1497.1,1502.2
DEA19,"Solingen, Kreisfreie Stadt",1752.8,1764.6,1765.1,1767.6,1770
DEA1A,"Wuppertal, Kreisfreie Stadt",2069.9,2090.6,2101.1,2107.1,2111.6
DEA1B,Kleve,249.5,257.5,257.9,258.2,258.7
DEA1C,Mettmann,1180.6,1201.1,1203.7,1204.8,1205
DEA1D,Rhein-Kreis Neuss,774.8,792.8,792.3,795.4,797.5
DEA1E,Viersen,526.4,533.2,534.1,534.6,534.7
DEA1F,Wesel,441,459.9,458.9,457.9,457.6
DEA2,Köln,596.3,607.6,609.7,611.8,613.4
DEA22,"Bonn, Kreisfreie Stadt",2243.9,2356.4,2380.9,2399.8,2415.2
DEA23,"Köln, Kreisfreie Stadt",2601.6,2753.2,2778.8,2791.3,2800.9
DEA24,"Leverkusen, Kreisfreie Stadt",2057.1,2148.7,2149.3,2154,2155
DEA26,Düren,277,281,281,281.9,282.8
DEA27,Rhein-Erft-Kreis,656.8,665.9,666.3,669.5,671.9
DEA28,Euskirchen,151.9,153.7,154.1,154.7,155.3
DEA29,Heinsberg,399.6,403.5,404,405.3,407.3
DEA2A,Oberbergischer Kreis,296,300.3,300.1,299.7,299.2
DEA2B,Rheinisch-Bergischer Kreis,643.3,653.6,654.3,654.5,654.4
DEA2C,Rhein-Sieg-Kreis,512.6,521.9,523.1,524,524.7
DEA2D,Städteregion Aachen,779.1,788,788.1,790.3,792.4
DEA3,Münster,375.5,379.1,379.6,379.9,380.1
DEA31,"Bottrop, Kreisfreie Stadt",1154.3,1172.8,1173.9,1173.7,1174.7
DEA32,"Gelsenkirchen, Kreisfreie Stadt",2466.8,2490,2489.7,2480.8,2477.6
DEA33,"Münster, Kreisfreie Stadt",1010.3,1029.6,1035.4,1039.5,1042.4
DEA34,Borken,258.6,260.4,260.4,260.9,261.5
DEA35,Coesfeld,195.3,196.9,197.3,197.7,198.3
DEA36,Recklinghausen,808.7,820.1,819.4,818.1,816.3
DEA37,Steinfurt,245.1,247.3,248.2,249.1,249.5
DEA38,Warendorf,208.8,210.6,210.6,210.6,210.8
DEA4,Detmold,313.3,316.4,316.1,316.2,316.3
DEA41,"Bielefeld, Kreisfreie Stadt",1279.7,1286.8,1285.7,1286.4,1289.5
DEA42,Gütersloh,369,373.2,374.4,375.6,376.6
DEA43,Herford,557,559.1,558.5,558.1,557.1
DEA44,Höxter,119.4,119.1,118.1,117.6,117
DEA45,Lippe,279.2,281.2,280.5,280.3,279.7
DEA46,Minden-Lübbecke,270.1,274.3,273.5,273,272.7
DEA47,Paderborn,241.9,246,246.4,247.1,248.1
DEA5,Arnsberg,446.5,450.4,449.5,449.3,449.1
DEA51,"Bochum, Kreisfreie Stadt",2488.4,2516.1,2518.8,2517.8,2518
DEA52,"Dortmund, Kreisfreie Stadt",2076,2092.8,2093.6,2095.7,2098.7
DEA53,"Hagen, Kreisfreie Stadt",1174.3,1186.5,1182.4,1184.1,1187.1
DEA54,"Hamm, Kreisfreie Stadt",787.6,794.2,793.7,792.7,794.3
DEA55,"Herne, Kreisfreie Stadt",3043.7,3065,3071.2,3067.3,3066.9
DEA56,Ennepe-Ruhr-Kreis,791.3,800.2,798.6,797.3,796.6
DEA57,Hochsauerlandkreis,134,134.5,134,133.5,133.1
DEA58,Märkischer Kreis,391.1,393.1,391.8,390.5,389
DEA59,Olpe,190.4,192.7,191.6,191.5,190.9
DEA5A,Siegen-Wittgenstein,245.7,247,245.8,245.9,245.4
DEA5B,Soest,225.6,229.6,229.1,229.2,229.2
DEA5C,Unna,725.4,727.4,725.4,726.3,727.1
DEB,Rheinland-Pfalz,203.1,205.9,206.4,206.9,207.4
DEB1,Koblenz,183.6,185.8,186.1,186.4,186.7
DEB11,"Koblenz, Kreisfreie Stadt",1066.8,1131,1137.2,1139.3,1140.4
DEB12,Ahrweiler,161.6,164.2,165,165.8,166.5
DEB13,Altenkirchen (Westerwald),200.5,201,200.7,200.5,200.6
DEB14,Bad Kreuznach,181,181.8,182.3,182.7,183.1
DEB15,Birkenfeld,103.7,104,104.1,104,104.2
DEB17,Mayen-Koblenz,258.2,263.3,264.3,265.1,265.6
DEB18,Neuwied,287.1,292.6,293.4,293.7,294.6
DEB1A,Rhein-Lahn-Kreis,156.7,158.8,158,157.9,157.8
DEB1B,Westerwaldkreis,201.9,203.5,203.9,204.2,204.6
DEB1C,Cochem-Zell,86.4,87.5,87,86.8,86.6
DEB1D,Rhein-Hunsrück-Kreis,106.1,107.1,107.3,107.2,107.3
DEB2,Trier,107,108.3,107.9,108.2,108.5
DEB21,"Trier, Kreisfreie Stadt",954.6,987,965.5,967.8,974.4
DEB22,Bernkastel-Wittlich,95.4,96.6,96.8,96.9,97
DEB23,Eifelkreis Bitburg-Prüm,59.5,60,60.3,60.5,60.8
DEB24,Vulkaneifel,66.6,66.7,66.7,66.6,66.5
DEB25,Trier-Saarburg,133,135.3,135.6,136.1,136.5
DEB3,Rheinhessen-Pfalz,295.1,300,301.4,302.4,303.2
DEB31,"Frankenthal (Pfalz), Kreisfreie Stadt",1091.9,1125.7,1126.3,1127.7,1131.7
DEB32,"Kaiserslautern, Kreisfreie Stadt",699.7,706.5,710.7,712.6,713.8
DEB33,"Landau in der Pfalz, Kreisfreie Stadt",541.1,550.4,556,560.1,563.6
DEB34,"Ludwigshafen am Rhein, Kreisfreie Stadt",2133.4,2208.9,2234.1,2263.7,2288.8
DEB35,"Mainz, Kreisfreie Stadt",2126.4,2227.9,2256,2274.9,2293.1
DEB36,"Neustadt an der Weinstraße, Kreisfreie Stadt",451.1,453.9,455.4,455.1,454.8
DEB37,"Pirmasens, Kreisfreie Stadt",657.1,660.2,664.3,664.2,660.9
DEB38,"Speyer, Kreisfreie Stadt",1164.4,1326.8,1335.3,1333,1328.1
DEB39,"Worms, Kreisfreie Stadt",748.2,784.3,788.9,792.4,794.6
DEB3A,"Zweibrücken, Kreisfreie Stadt",480.8,483.7,483.8,482.2,481.7
DEB3B,Alzey-Worms,215.4,218.7,219.8,220.7,221.7
DEB3C,Bad Dürkheim,221.6,222.8,223.3,223,223
DEB3D,Donnersbergkreis,116.4,116.6,116.5,116.4,116.6
DEB3E,Germersheim,273.8,283.9,285.2,286.2,286.8
DEB3F,"Kaiserslautern, Landkreis",163.5,164.4,165,165.4,165.7
DEB3G,Kusel,123.6,123.6,123.4,123.1,122.6
DEB3H,Südliche Weinstraße,172.1,173,173.1,172.6,172.6
DEB3I,Rhein-Pfalz-Kreis,494.4,518,521.6,523.5,525.2
DEB3J,Mainz-Bingen,341.5,353.6,354.5,355.9,357.3
DEB3K,Südwestpfalz,101.1,100.9,100.3,99.9,99.6
DEC,Saarland,386,388.4,388.1,386.9,385.5
Dec-00,Saarland,386,388.4,388.1,386.9,385.5
1-Dec,Regionalverband Saarbrücken,794.4,799.2,802.6,802.7,801
2-Dec,Merzig-Wadern,185.8,187.6,187.3,186.8,186.5
3-Dec,Neunkirchen,533.5,535.4,534.6,531,527.2
4-Dec,Saarlouis,427.7,429.7,428.4,426.9,425.2
5-Dec,Saarpfalz-Kreis,344.6,345.3,343.9,342.1,340.7
6-Dec,St. Wendel,186.1,187.1,186,184.9,184
DED,Sachsen,220.6,224.7,224.6,224.5,224.2
DED2,Dresden,201.1,206.1,205.9,205.7,205.6
DED21,"Dresden, Kreisfreie Stadt",1646.5,1683.6,1694.8,1706.4,1715.2
DED2C,Bautzen,127.9,132.6,131.8,131,130.3
DED2D,Görlitz,123.2,125.9,125,124.2,123.3
DED2E,Meißen,168,170.2,169.4,168.8,168.4
DED2F,Sächsische Schweiz-Osterzgebirge,149.1,150,149.4,149.2,149.3
DED4,Chemnitz,224.3,224.3,222.7,221.3,219.9
DED41,"Chemnitz, Kreisfreie Stadt",1113.5,1119.9,1115.9,1117.9,1116.7
DED42,Erzgebirgskreis,190.7,190,187.9,186.2,184.7
DED43,Mittelsachsen,147.7,147.4,146.4,145.4,144.4
DED44,Vogtlandkreis,164.6,164.9,163.9,162.8,161.5
DED45,Zwickau,341.9,340.7,338.3,335.9,333.3
DED5,Leipzig,253.4,262.2,264.9,266.9,268.4
DED51,"Leipzig, Kreisfreie Stadt",1853.9,1931,1967.7,1996.3,2015.4
DED52,Leipzig,156.3,160.8,160.7,160.5,160.5
DED53,Nordsachsen,97.3,99,99.1,99,99
DEE,Sachsen-Anhalt,109.5,110.7,110.1,109.4,108.7
DEE0,Sachsen-Anhalt,109.5,110.7,110.1,109.4,108.7
DEE01,"Dessau-Roßlau, Kreisfreie Stadt",338.7,344.6,343,340.3,336.1
DEE02,"Halle (Saale), Kreisfreie Stadt",1738.7,1772.4,1780.5,1785.2,1783.7
DEE03,"Magdeburg, Kreisfreie Stadt",1164.3,1234,1241.2,1242.6,1240.3
DEE04,Altmarkkreis Salzwedel,37.6,37.5,37.1,36.8,36.5
DEE05,Anhalt-Bitterfeld,113.4,115.6,114.4,113.2,112.2
DEE06,Jerichower Land,58,58.5,58.1,57.7,57.4
DEE07,Börde,73.2,73.4,73.2,72.9,72.6
DEE08,Burgenlandkreis (DE),130.2,130.1,129.4,128.3,127.2
DEE09,Harz,104.7,105.2,103.9,102.7,102
DEE0A,Mansfeld-Südharz,97.8,97.7,96.5,95.3,94.2
DEE0B,Saalekreis,130,132.8,132.5,132,131.4
DEE0C,Salzlandkreis,137.9,139,137.6,136.2,134.9
DEE0D,Stendal,47.4,48,47.6,47.1,46.7
DEE0E,Wittenberg,66.6,67.2,66.8,66.4,65.9
DEF,Schleswig-Holstein,180,186.3,187.3,187.8,188.2
DEF0,Schleswig-Holstein,180,186.3,187.3,187.8,188.2
DEF01,"Flensburg, Kreisfreie Stadt",1496.8,1520.8,1543.4,1561.6,1576
DEF02,"Kiel, Kreisfreie Stadt",2056.5,2110,2117,2117.5,2112.6
DEF03,"Lübeck, Kreisfreie Stadt",1006.2,1139.4,1139.6,1140.8,1141.4
DEF04,"Neumünster, Kreisfreie Stadt",1088.8,1134.8,1135.8,1134.4,1140.6
DEF05,Dithmarschen,93,95.3,95.5,95.4,95.3
DEF06,Herzogtum Lauenburg,151.9,158.5,159.8,160.7,161.5
DEF07,Nordfriesland,78.3,80.1,80.5,80.6,80.7
DEF08,Ostholstein,142.8,147.2,147.6,147.5,147.5
DEF09,Pinneberg,460.5,482.9,487,489.9,492.6
DEF0A,Plön,117.8,129.9,130.2,130.2,130.1
DEF0B,Rendsburg-Eckernförde,123.1,126.8,127.4,127.5,127.8
DEF0C,Schleswig-Flensburg,94.7,96,96.7,97,97.4
DEF0D,Segeberg,198.1,202.8,205.2,206.6,207.8
DEF0E,Steinburg,123.9,129.6,129.7,129.4,129.1
DEF0F,Stormarn,310.9,315.1,316.9,317.8,318.9
DEG,Thüringen,133.6,134.1,133.5,133,132.4
DEG0,Thüringen,133.6,134.1,133.5,133,132.4
DEG01,"Erfurt, Kreisfreie Stadt",771,788.8,794.2,799,800.9
DEG02,"Gera, Kreisfreie Stadt",626.7,627.5,623.7,621.7,616
DEG03,"Jena, Kreisfreie Stadt",946.7,955.9,962.7,967.4,968.5
DEG04,"Suhl, Kreisfreie Stadt",354.3,351.4,343.6,339.8,347.7
DEG05,"Weimar, Kreisfreie Stadt",759.6,764.8,766.6,770.9,775.7
DEG06,Eichsfeld,107.1,107.3,106.9,106.6,106.2
DEG07,Nordhausen,119.3,120.2,119.7,118.8,117.9
DEG09,Unstrut-Hainich-Kreis,106.7,107,106.1,105.5,104.9
DEG0A,Kyffhäuserkreis,74.3,74.2,73.5,72.7,71.9
DEG0B,Schmalkalden-Meiningen,103.1,102.5,101.8,101.4,102.2
DEG0C,Gotha,145.4,146.1,145.4,145.4,145
DEG0D,Sömmerda,87.4,87.7,87.4,87.1,86.7
DEG0E,Hildburghausen,68.9,68.8,68.5,68.1,67.7
DEG0F,Ilm-Kreis,129.5,129.8,129.3,129,127.5
DEG0G,Weimarer Land,101.8,102.3,102.3,102,102.1
DEG0H,Sonneberg,130.9,131.2,130.6,130.3,131.8
DEG0I,Saalfeld-Rudolstadt,105.7,105.7,104.8,103.9,101.8
DEG0J,Saale-Holzland-Kreis,104.4,104.7,102.8,101.9,101.8
DEG0K,Saale-Orla-Kreis,72,72.8,72.2,71.5,71
DEG0L,Greiz,119.7,119.3,118.2,117.2,116.1
DEG0M,Altenburger Land,162.6,162.2,160.7,159.4,158.3
DEG0N,"Eisenach, Kreisfreie Stadt",405.3,408.7,410.1,409,406.8
DEG0P,Wartburgkreis,96.2,95.9,95.1,94.5,92.6
EE,Estonia,30.3,30.3,30.3,30.4,30.5
EE0,Eesti,30.3,30.3,30.3,30.4,30.5
EE00,Eesti,30.3,30.3,30.3,30.4,30.5
EE001,Põhja-Eesti,132.5,134,135.6,137.2,139.1
EE004,Lääne-Eesti,13.6,13.5,13.4,13.3,13.3
EE006,Kesk-Eesti (NUTS 2016),13.8,13.7,13.6,13.6,13.5
EE007,Kirde-Eesti (NUTS 2016),43.9,43.2,41.9,41.1,40.5
EE008,Lõuna-Eesti,20.5,20.3,20.4,20.4,20.4
IE,Ireland,68.5,69.3,70,70.9,71.9
IE0,Éire/Ireland,68.5,69.3,70,70.9,71.9
IE04,Northern and Western,33.5,33.8,34.1,34.5,35
IE041,Border,34.9,35.1,35.5,35.9,36.2
IE042,West,32.4,32.7,33.1,33.5,33.9
IE05,Southern,53.5,53.9,54.4,54.9,55.6
IE051,Mid-West,46.8,47,47.3,47.7,48.1
IE052,South-East (IE),58.3,59,59.7,60.3,61.1
IE053,South-West (IE),56.1,56.6,57.1,57.8,58.5
IE06,Eastern and Midland,160.4,162.7,164.7,167.1,169.8
IE061,Dublin,1428.4,1450.1,1466.1,1487.3,1513.2
IE062,Mid-East,99.6,101.2,102.7,104.2,105.9
IE063,Midland,44.7,45.1,45.7,46.3,46.6
EL,Greece,82.7,82.4,82.2,82.5,82.4
EL3,Attiki,999,992.5,989.2,989.8,987.5
EL30,Attiki,999,992.5,989.2,989.8,987.5
EL301,Voreios Tomeas Athinon,4280.6,4240.4,4202.2,4319.8,4285
EL302,Dytikos Tomeas Athinon,7206.2,7195.2,7226.9,7113.9,7122.7
EL303,Kentrikos Tomeas Athinon,10932.2,10718.9,10596.3,10436.3,10446.4
EL304,Notios Tomeas Athinon,7712.6,7690.9,7674.2,7497.5,7436.1
EL305,Anatoliki Attiki,364.8,368.7,372.5,374.8,376.7
EL306,Dytiki Attiki,175.6,176.9,178.6,179.6,180.5
EL307,"Peiraias, Nisoi",553.1,546.8,541.7,543.4,538
EL4,"Nisia Aigaiou, Kriti",66.7,67,67.7,68.8,69.6
EL41,Voreio Aigaio,51.6,52.4,54.3,56.9,59.3
EL411,"Lesvos, Limnos",47.5,48.5,50.2,52.4,55.1
EL412,"Ikaria, Samos",54.3,55,57.7,61.3,63.8
EL413,Chios,58.9,59.3,61,63.6,65.3
EL42,Notio Aigaio,63.3,63.7,64.3,65.5,66.1
EL421,"Kalymnos, Karpathos, Kasos, Kos, Rodos",76.6,77.2,78.4,80.7,81.9
EL422,"Andros, Thira, Kea, Milos, Mykonos, Naxos, Paros, Syros, Tinos",49.4,49.4,49.3,49.6,49.6
EL43,Kriti,75.8,75.9,76,76.4,76.5
EL431,Irakleio,117.7,117.9,118.2,118.9,119.4
EL432,Lasithi,41.1,40.9,40.8,40.8,40.7
EL433,Rethymni,58.3,58.4,58.5,58.7,58.8
EL434,Chania,66.8,66.9,67,67.4,67.5
EL5,Voreia Ellada,60.6,60.3,60.1,60.6,60.5
EL51,"Anatoliki Makedonia, Thraki",43.1,42.9,42.8,42.9,42.8
EL511,Evros,35,34.9,34.9,35.2,35.2
EL512,Xanthi,63.9,63.8,63.7,63.4,63.2
EL513,Rodopi,44.5,44.4,44.2,44.2,44
EL514,Drama,28.1,28,27.9,28.2,28.2
EL515,"Thasos, Kavala",64.9,64.4,64.1,63.8,63.6
EL52,Kentriki Makedonia,100,99.6,99.4,101.3,101.2
EL521,Imathia,84.1,83.9,83.9,84.3,84.4
EL522,Thessaloniki,313.8,312.5,311.9,310.9,310.6
EL523,Kilkis,32.2,32.3,32.3,32.2,32.2
EL524,Pella,56.3,56.1,55.8,55.5,55.3
EL525,Pieria,86.6,86.7,86.8,86.8,87
EL526,Serres,43.9,43.5,43.1,43.4,43.2
EL527,Chalkidiki,33.9,34,34,38,38
EL53,Dytiki Makedonia,29.7,29.5,29.2,29.1,28.8
EL531,"Grevena, Kozani",30.6,30.4,30.1,29.9,29.7
EL532,Kastoria,28.6,28.3,28,27.7,27.4
EL533,Florina,27.8,27.7,27.5,27.6,27.4
EL54,Ipeiros,37.2,37,36.9,36.8,36.8
EL541,"Arta, Preveza",47.7,47.3,47,46.6,46.3
EL542,Thesprotia,29.9,29.9,29.9,29.9,29.9
EL543,Ioannina,33.9,33.7,33.7,33.8,33.8
EL6,Kentriki Ellada,47.2,46.9,46.7,46.7,46.5
EL61,Thessalia,52.2,52,51.7,51.7,51.4
EL611,"Karditsa, Trikala",40.2,39.9,39.6,39.4,39
EL612,Larisa,53,52.7,52.5,52.5,52.3
EL613,Magnisia,78,77.8,77.5,78.5,78.2
EL62,Ionia Nisia,89.9,89.5,89.2,89.7,89.4
EL621,Zakynthos,99.2,98.8,98.4,98.2,98
EL622,Kerkyra,162.8,162,161.2,162.9,162.2
EL623,"Ithaki, Kefallinia",43.2,43.1,43,43.3,43.1
EL624,Lefkada,67.6,67.5,67.4,68.2,68.1
EL63,Dytiki Ellada,60.6,60.2,59.8,59.6,59.2
EL631,Aitoloakarnania,39.6,39.3,38.9,38.9,38.5
EL632,Achaia,93.8,93.2,92.6,91.9,91.3
EL633,Ileia,61,60.7,60.5,60.3,60.1
EL64,Sterea Ellada,36.1,36,36,36,36.1
EL641,Voiotia,41.1,41.2,41.4,41.7,41.9
EL642,Evvoia,51.4,51.3,51.2,51.5,51.5
EL643,Evrytania,10.8,10.7,10.6,10.4,10.3
EL644,Fthiotida,36.3,36.1,36.1,36,35.9
EL645,Fokida,20.1,20.2,20.2,20.2,20.1
EL65,Peloponnisos,37.6,37.5,37.3,37.2,37.1
EL651,"Argolida, Arkadia",27.8,27.6,27.4,27.3,27.1
EL652,Korinthia,65.1,65.1,65,64.7,64.5
EL653,"Lakonia, Messinia",37.9,37.8,37.7,37.6,37.5
ES,Spain,92.5,92.5,92.7,93.1,93.8
ES1,Noroeste (ES),96.4,95.9,95.5,95.3,95.2
ES11,Galicia,92.9,92.4,92.1,92,92
ES111,A Coruña,142.8,142.3,142.1,142.1,142.3
ES112,Lugo,34.4,34.1,33.9,33.7,33.5
ES113,Ourense,44,43.5,43.1,42.9,42.7
ES114,Pontevedra,211.9,211.6,211.1,210.8,211.2
ES12,Principado de Asturias,99,98.2,97.6,97,96.6
ES120,Asturias,99,98.2,97.6,97,96.6
ES13,Cantabria,110.9,110.5,110.4,110.4,110.5
ES130,Cantabria,110.9,110.5,110.4,110.4,110.5
ES2,Noreste (ES),63.4,63.3,63.4,63.6,63.9
ES21,País Vasco,301.3,301.2,301.7,302.4,303.7
ES211,Araba/Álava,106.8,107.2,107.8,108.5,109.2
ES212,Gipuzkoa,359.4,359.1,359.7,360.7,362.3
ES213,Bizkaia,514.6,514.5,514.6,515.2,517
ES22,Comunidad Foral de Navarra,61.6,61.7,62.1,62.5,63.1
ES220,Navarra,61.6,61.7,62.1,62.5,63.1
ES23,La Rioja,62.2,62.2,62.2,62.3,62.6
ES230,La Rioja,62.2,62.2,62.2,62.3,62.6
ES24,Aragón,27.9,27.8,27.7,27.7,27.9
ES241,Huesca,14.3,14.2,14.1,14.1,14.2
ES242,Teruel,9.3,9.2,9.1,9,9
ES243,Zaragoza,56.4,56.2,56.1,56.3,56.8
ES3,Comunidad de Madrid,803.9,809.2,817,827.3,839.7
ES30,Comunidad de Madrid,803.9,809.2,817,827.3,839.7
ES300,Madrid,803.9,809.2,817,827.3,839.7
ES4,Centro (ES),26.3,26.1,25.9,25.8,25.8
ES41,Castilla y León,26.3,26.1,25.9,25.7,25.6
ES411,Ávila,20.6,20.3,20,19.9,19.8
ES412,Burgos,25.3,25.2,25,24.9,24.9
ES413,León,30.8,30.4,30.2,29.9,29.7
ES414,Palencia,20.6,20.4,20.2,20.1,20
ES415,Salamanca,27.8,27.5,27.3,27.2,27
ES416,Segovia,22.7,22.5,22.4,22.3,22.3
ES417,Soria,8.9,8.8,8.7,8.7,8.7
ES418,Valladolid,65,64.8,64.5,64.3,64.3
ES419,Zamora,17.6,17.3,17,16.8,16.6
ES42,Castilla-la Mancha,26,25.8,25.7,25.7,25.8
ES421,Albacete,26.5,26.3,26.3,26.2,26.2
ES422,Ciudad Real,25.9,25.6,25.4,25.2,25
ES423,Cuenca,12.1,11.9,11.8,11.7,11.7
ES424,Guadalajara,21,21,21,21.2,21.4
ES425,Toledo,45.2,45.1,45,45.1,45.5
ES43,Extremadura,26.7,26.4,26.2,26.1,26
ES431,Badajoz,32.1,31.9,31.7,31.5,31.5
ES432,Cáceres,20.7,20.5,20.3,20.1,20
ES5,Este (ES),224.3,224.8,225.8,227.5,229.9
ES51,Cataluña,231.9,232.3,233.5,235.5,238.1
ES511,Barcelona,705.8,707.7,712.2,718.7,726.5
ES512,Girona,125.8,126.1,126.8,127.8,129.3
ES513,Lleida,35.6,35.4,35.4,35.5,35.8
ES514,Tarragona,126.5,126.8,127,127.8,129.4
ES52,Comunitat Valenciana,213.3,213.3,213.6,214.4,216.2
ES521,Alicante/Alacant,320.3,319.5,319.8,321.5,325
ES522,Castellón/Castelló,86.6,86.2,86.1,86.2,86.6
ES523,Valencia/València,234,234.5,235.1,236,237.7
ES53,Illes Balears,226.8,229.9,233,236.8,241.2
ES531,"Eivissa, Formentera",241.6,247.9,252.6,257,261.7
ES532,Mallorca,241.8,244.7,248,252,256.7
ES533,Menorca,134.1,135.1,136.2,138.2,140.8
ES6,Sur (ES),102.4,102.4,102.5,102.6,103.1
ES61,Andalucía,96.9,96.9,96.9,97,97.4
ES611,Almería,79.1,79.6,79.9,80.3,81.1
ES612,Cádiz,170.9,170.8,170.8,170.9,171.3
ES613,Córdoba,58.2,58.1,57.8,57.6,57.5
ES614,Granada,72.9,72.8,72.8,72.9,73.2
ES615,Huelva,52.7,52.3,52.4,52.5,52.8
ES616,Jaén,48.6,48.2,47.8,47.5,47.2
ES617,Málaga,225.5,226.3,227,228,230.2
ES618,Sevilla,139.7,139.9,140.1,140.3,140.8
ES62,Región de Murcia,129.7,130,130.4,131.1,132.4
ES620,Murcia,129.7,130,130.4,131.1,132.4
ES63,Ciudad de Ceuta,4456.4,4242.2,4256.1,4251,4222.9
ES630,Ceuta,4456.4,4242.2,4256.1,4251,4222.9
ES64,Ciudad de Melilla,6512.8,6061.1,6059.1,6049.9,6041.5
ES640,Melilla,6512.8,6061.1,6059.1,6049.9,6041.5
ES7,Canarias,286.3,289.1,291.8,295.3,299.4
ES70,Canarias,286.3,289.1,291.8,295.3,299.4
ES703,El Hierro,39.7,40.5,40.9,41.5,42.1
ES704,Fuerteventura,66.9,68.7,70.7,72.9,75.2
ES705,Gran Canaria,549.6,550.5,551.9,554.5,557.9
ES706,La Gomera,57.5,58.4,59,59.8,60.7
ES707,La Palma,117.5,117.8,118.5,119.7,121
ES708,Lanzarote,168.5,171.9,174.9,177.8,181.4
ES709,Tenerife,445.9,450.6,456.6,463.8,471.8
FR,France,105.1,105.3,105.6,105.9,106.1
FR1,Île de France,1007.3,1016.2,1020.3,1023.5,1026.8
FR10,Île de France,1007.3,1016.2,1020.3,1023.5,1026.8
FR101,Paris,20857.8,21251.7,21180.2,21069.8,20965.4
FR102,Seine-et-Marne,235.6,238.5,239.8,241.1,242.3
FR103,Yvelines,625.8,631.3,633.5,635.1,636.8
FR104,Essonne,710.4,713.7,716.2,718.2,721.8
FR105,Hauts-de-Seine,9125.4,9338.9,9385,9428.7,9456.8
FR106,Seine-Saint-Denis,6772.5,6842.7,6897.9,6945.1,6998.6
FR107,Val-de-Marne,5613.3,5715,5753.8,5787.6,5818.3
FR108,Val-d'Oise,978.1,985.7,992.4,999.4,1005.5
FRB,Centre - Val de Loire,65.7,65.7,65.6,65.5,65.4
FRB0,Centre - Val de Loire,65.7,65.7,65.6,65.5,65.4
FRB01,Cher,42.4,42,41.8,41.6,41.3
FRB02,Eure-et-Loir,73.3,73.2,73.1,72.9,72.7
FRB03,Indre,32.8,32.7,32.5,32.3,32.1
FRB04,Indre-et-Loire,99.3,99.4,99.5,99.7,99.8
FRB05,Loir-et-Cher,52.3,52.2,52,51.8,51.6
FRB06,Loiret,99.8,100.1,100.4,100.6,100.9
FRC,Bourgogne - Franche-Comté,59,58.9,58.8,58.7,58.6
FRC1,Bourgogne,51.9,51.8,51.6,51.5,51.3
FRC11,Côte-d'Or,60.8,60.9,60.9,60.8,60.8
FRC12,Nièvre,30.8,30.5,30.2,30,29.7
FRC13,Saône-et-Loire,64.9,64.8,64.6,64.5,64.3
FRC14,Yonne,45.9,45.7,45.5,45.3,45.1
FRC2,Franche-Comté,72.8,72.8,72.7,72.7,72.6
FRC21,Doubs,102.7,102.9,103.2,103.5,103.6
FRC22,Jura,52,52,51.9,51.8,51.7
FRC23,Haute-Saône,44.3,44.2,44.1,43.9,43.8
FRC24,Territoire de Belfort,240.1,238.5,236.7,235.3,233.6
FRD,Normandie,111.3,111.2,111,110.8,110.6
FRD1,Basse-Normandie,83.3,83.2,83,82.8,82.6
FRD11,Calvados,123.9,123.9,124,123.9,123.9
FRD12,Manche,83.1,82.9,82.7,82.5,82.2
FRD13,Orne,46.6,46.3,46,45.7,45.3
FRD2,Haute-Normandie,151.8,151.7,151.6,151.4,151.2
FRD21,Eure,100.7,100.7,100.4,100.2,99.9
FRD22,Seine-Maritime,200.7,200.5,200.5,200.5,200.2
FRE,Hauts-de-France,188.9,188.8,188.8,188.7,188.4
FRE1,Nord-Pas-de-Calais,328.4,328.2,328.1,327.9,327.4
FRE11,Nord,454.6,454.5,454.8,454.7,454.3
FRE12,Pas-de-Calais,220.2,219.9,219.6,219.2,218.6
FRE2,Picardie,99.7,99.6,99.6,99.5,99.4
FRE21,Aisne,72.8,72.5,72.3,72,71.7
FRE22,Oise,140.4,140.6,140.9,141.3,141.4
FRE23,Somme,93.1,93.2,93,92.8,92.7
FRF,Grand Est,96.9,96.9,96.8,96.8,96.6
FRF1,Alsace,227.7,228.3,229.2,230,230.6
FRF11,Bas-Rhin,235.4,236.4,237.7,239,240
FRF12,Haut-Rhin,217.2,217.4,217.7,217.9,217.9
FRF2,Champagne-Ardenne,52.3,52.1,51.9,51.7,51.5
FRF21,Ardennes,53,52.6,52.2,51.9,51.4
FRF22,Aube,51.8,51.9,52,52,52
FRF23,Marne,70.3,70.1,69.9,69.7,69.5
FRF24,Haute-Marne,28.7,28.4,28.1,27.8,27.5
FRF3,Lorraine,99.5,99.3,99.1,98.9,98.6
FRF31,Meurthe-et-Moselle,140,139.9,139.9,139.8,139.6
FRF32,Meuse,30.6,30.3,30,29.7,29.4
FRF33,Moselle,169.2,169.1,169,168.9,168.7
FRF34,Vosges,63,62.6,62.3,62,61.6
FRG,Pays-de-la-Loire,115.8,116.4,117.1,117.7,118.3
FRG0,Pays-de-la-Loire,115.8,116.4,117.1,117.7,118.3
FRG01,Loire-Atlantique,201.1,203.3,205.6,208,210.3
FRG02,Maine-et-Loire,113,113.2,113.5,113.8,114
FRG03,Mayenne,59.1,59.1,59,58.9,58.8
FRG04,Sarthe,91.1,91,90.8,90.7,90.5
FRG05,Vendée,99,99.6,100.3,101,101.5
FRH,Bretagne,120.5,121,121.5,122,122.4
FRH0,Bretagne,120.5,121,121.5,122,122.4
FRH01,Côtes-d'Armor,85.9,85.9,86,86,86
FRH02,Finistère,134.5,134.6,134.9,135.1,135.2
FRH03,Ille-et-Vilaine,153.7,155,156.3,157.6,158.8
FRH04,Morbihan,108.9,109.3,109.9,110.4,110.8
FRI,Nouvelle-Aquitaine,70.3,70.6,70.9,71.1,71.4
FRI1,Aquitaine,81.8,82.4,82.9,83.4,83.9
FRI11,Dordogne,45.2,45.1,45,44.9,44.8
FRI12,Gironde,157.5,159.2,161,162.8,164.6
FRI13,Landes,43.7,44,44.2,44.5,44.8
FRI14,Lot-et-Garonne,62.3,62.2,62.2,62,61.9
FRI15,Pyrénées-Atlantiques,87.7,88.1,88.5,88.9,89.2
FRI2,Limousin,43.4,43.3,43.2,43,42.9
FRI21,Corrèze,41.2,41.2,41.1,41,40.9
FRI22,Creuse,21.5,21.3,21.2,21,20.8
FRI23,Haute-Vienne,67.9,67.8,67.6,67.4,67.2
FRI3,Poitou-Charentes,69.7,69.8,69.9,69.9,70
FRI31,Charente,59.3,59.2,59,58.9,58.8
FRI32,Charente-Maritime,93,93.3,93.6,94,94.3
FRI33,Deux-Sèvres,62.1,62.1,62.1,62.1,62.1
FRI34,Vienne,62.1,62.2,62.3,62.4,62.5
FRJ,Occitanie,79.6,80.1,80.6,81.1,81.6
FRJ1,Languedoc-Roussillon,101.7,102.4,103.1,103.8,104.4
FRJ11,Aude,58.8,59.1,59.5,59.8,60.1
FRJ12,Gard,127.8,128.3,128.6,128.9,129.2
FRJ13,Hérault,185.5,187.5,189.7,191.9,194
FRJ14,Lozère,14.8,14.8,14.8,14.8,14.8
FRJ15,Pyrénées-Orientales,115.7,116.1,116.3,116.7,117.1
FRJ2,Midi-Pyrénées,66.3,66.6,67.1,67.5,67.8
FRJ21,Ariège,31.2,31.3,31.3,31.3,31.3
FRJ22,Aveyron,31.9,31.9,32,32,32
FRJ23,Haute-Garonne,212.1,214.3,216.9,219.5,221.7
FRJ24,Gers,30.3,30.4,30.4,30.4,30.4
FRJ25,Lot,33.4,33.4,33.5,33.5,33.5
FRJ26,Hautes-Pyrénées,50.6,50.6,50.8,50.9,50.9
FRJ27,Tarn,67.1,67.2,67.4,67.5,67.5
FRJ28,Tarn-et-Garonne,69.2,69.6,69.9,70.1,70.4
FRK,Auvergne - Rhône-Alpes,112.3,112.8,113.4,113.9,114.4
FRK1,Auvergne,52.3,52.3,52.4,52.5,52.6
FRK11,Allier,46.4,46.2,46,45.8,45.6
FRK12,Cantal,25.4,25.3,25.2,25.2,25.1
FRK13,Haute-Loire,45.4,45.5,45.5,45.5,45.6
FRK14,Puy-de-Dôme,81.2,81.5,82.1,82.6,83.1
FRK2,Rhône-Alpes,147.7,148.5,149.3,150.2,150.9
FRK21,Ain,113,114,114.8,115.7,116.6
FRK22,Ardèche,58.6,58.8,58.9,59,59.1
FRK23,Drôme,77.6,78.1,78.6,79.1,79.6
FRK24,Isère,160.3,160.8,161.5,162,162.3
FRK25,Loire,159.9,160.3,160.4,160.6,160.8
FRK26,Rhône,566.6,569.9,573.6,577.9,581.5
FRK27,Savoie,69.3,69.6,69.9,70.2,70.5
FRK28,Haute-Savoie,174.5,176,177.6,179.5,181.2
FRL,Provence-Alpes-Côte d'Azur,160.6,160.9,161.4,162,162.4
FRL0,Provence-Alpes-Côte d'Azur,160.6,160.9,161.4,162,162.4
FRL01,Alpes-de-Haute-Provence,23.3,23.4,23.5,23.6,23.7
FRL02,Hautes-Alpes,24.9,24.9,24.9,24.8,24.8
FRL03,Alpes-Maritimes,252.4,252.5,252.8,253.3,253.5
FRL04,Bouches-du-Rhône,424.7,425.5,427,428.7,429.7
FRL05,Var,175.2,176.1,177.1,178.3,179.2
FRL06,Vaucluse,157,157.3,157.4,157.5,157.6
FRM,Corse,37.9,38.3,38.8,39.2,39.6
FRM0,Corse,37.9,38.3,38.8,39.2,39.6
FRM01,Corse-du-Sud,38.3,38.8,39.3,39.6,40
FRM02,Haute-Corse,37.6,37.9,38.4,38.9,39.3
FRY,RUP FR - Régions ultrapériphériques françaises,24.3,24.4,24.5,24.6,24.6
FRY1,Guadeloupe,257,254.6,252.2,249.7,247
FRY10,Guadeloupe,257,254.6,252.2,249.7,247
FRY2,Martinique,343.6,339.9,336.4,332.7,328.6
FRY20,Martinique,343.6,339.9,336.4,332.7,328.6
FRY3,Guyane,3.2,3.2,3.3,3.3,3.4
FRY30,Guyane,3.2,3.2,3.3,3.3,3.4
FRY4,La Réunion,343.8,344.3,345,345.5,345.7
FRY40,La Réunion,343.8,344.3,345,345.5,345.7
FRY5,Mayotte,648.2,672.8,698.3,724.4,750.8
FRY50,Mayotte,648.2,672.8,698.3,724.4,750.8
HR,Croatia,74.4,74.6,73.9,73.2,72.8
HR0,Hrvatska,74.4,74.6,73.9,73.2,72.8
HR03,Jadranska Hrvatska,56.6,56.7,56.4,56.1,56
HR031,Primorsko-goranska zupanija,81.3,81.2,80.4,79.8,79.3
HR032,Licko-senjska zupanija,8.9,8.8,8.6,8.5,8.3
HR033,Zadarska zupanija,46.7,47.1,46.9,46.7,46.7
HR034,Sibensko-kninska zupanija,35,35,34.5,34,33.7
HR035,Splitsko-dalmatinska zupanija,99.9,100.3,99.8,99.4,99.4
HR036,Istarska zupanija,74,74.2,74.3,74.5,74.8
HR037,Dubrovacko-neretvanska zupanija,68.7,69.4,69.2,69.1,69.4
HR04,Kontinentalna Hrvatska (NUTS 2016),88.1,88.6,87.5,86.5,85.8
HR041,Grad Zagreb (NUTS 2016),1249.1,1265.8,1267.8,1269.9,1274.1
HR042,Zagrebacka zupanija (NUTS 2016),103.5,103.6,102.8,102.2,102
HR043,Krapinsko-zagorska zupanija (NUTS 2016),105,104,102.9,102,101.4
HR044,Varazdinska zupanija (NUTS 2016),136.3,138.1,136.7,135.4,134.6
HR045,Koprivnicko-krizevacka zupanija (NUTS 2016),64.3,64.1,63.2,62.3,61.5
HR046,Medimurska zupanija (NUTS 2016),154.5,160.3,158.9,157.4,156.4
HR047,Bjelovarsko-bilogorska zupanija (NUTS 2016),43.1,43,42.3,41.6,40.9
HR048,Viroviticko-podravska zupanija (NUTS 2016),39.9,39.6,38.6,37.7,36.9
HR049,Pozesko-slavonska zupanija (NUTS 2016),40.4,39.7,38.6,37.5,36.6
HR04A,Brodsko-posavska zupanija (NUTS 2016),74.5,74.8,72.8,70.9,69.6
HR04B,Osjecko-baranjska zupanija (NUTS 2016),70.9,71.7,70.2,68.7,67.5
HR04C,Vukovarsko-srijemska zupanija (NUTS 2016),69.1,69.3,67,64.7,63.2
HR04D,Karlovacka zupanija (NUTS 2016),33.7,33.5,33,32.6,32.2
HR04E,Sisacko-moslavacka zupanija (NUTS 2016),35.9,35.6,34.6,33.7,33.1
IT,Italy,205.8,205.4,203.3,202.9,201.5
ITC,Nord-Ovest,286.8,286.5,283.2,283.1,282.2
ITC1,Piemonte,177.6,176.9,174.3,173.6,172.3
ITC11,Torino,340,338.9,335.1,333.8,331
ITC12,Vercelli,86.1,85.6,83.6,82.9,82.2
ITC13,Biella,201.3,199.9,196.3,194.6,193
ITC14,Verbano-Cusio-Ossola,75.2,74.9,73.6,73.3,72.7
ITC15,Novara,288.7,288.2,283.6,283.2,281.4
ITC16,Cuneo,86.8,86.6,85.6,85.4,85.2
ITC17,Asti,145.8,144.9,143.6,142.9,141.6
ITC18,Alessandria,124.1,123.4,120.4,119.6,118.6
ITC2,Valle d'Aosta/Vallée d'Aoste,39.5,39.2,39,38.8,38.6
ITC20,Valle d'Aosta/Vallée d'Aoste,39.5,39.2,39,38.8,38.6
ITC3,Liguria,295.9,294.2,288.7,287.3,284.3
ITC31,Imperia,189.2,188.4,186.1,185.5,183.4
ITC32,Savona,185.3,184.2,180.3,179.2,177.3
ITC33,Genova,474.6,471.3,462.9,460.4,455.3
ITC34,La Spezia,257.1,256.5,250.9,250.3,248.8
ITC4,Lombardia,438.8,439.2,435.1,436,435.8
ITC41,Varese,799.8,799.7,820.5,820.9,818.3
ITC42,Como,504.9,505,515.2,514.8,514.1
ITC43,Lecco,455.4,454.8,460.4,459.1,456.1
ITC44,Sondrio,57.6,57.5,57.4,57.4,57.2
ITC46,Bergamo,418,418.2,409.8,410.6,410.1
ITC47,Brescia,282.3,282.1,278.5,278.9,278.1
ITC48,Pavia,192.1,191.9,187.4,187.1,186.2
ITC49,Lodi,309.3,309.1,299.7,300.2,298.7
ITC4A,Cremona,212.6,212,205.8,205.7,204.9
ITC4B,Mantova,185.9,185.3,181.7,181.7,180.6
ITC4C,Milano,2032.1,2038.9,2068.2,2078.5,2088.3
ITC4D,Monza e della Brianza,2136.6,2141.9,2154.2,2160.4,2158.6
ITH,Nord-Est,187,186.8,192.3,192.4,192.3
ITH1,Provincia Autonoma di Bolzano/Bozen,70.5,70.9,71.4,71.8,72.2
ITH10,Bolzano-Bozen,70.5,70.9,71.4,71.8,72.2
ITH2,Provincia Autonoma di Trento,87.6,87.7,87.6,87.8,88.2
ITH20,Trento,87.6,87.7,87.6,87.8,88.2
ITH3,Veneto,280.1,279.5,282.8,282.8,282
ITH31,Verona,318.8,318.5,317.1,318,318.3
ITH32,Vicenza,323.6,322.7,317.7,317.2,315.8
ITH33,Belluno,57.7,57.4,56.3,55.9,55.4
ITH34,Treviso,367.6,367.4,360,360.4,359.6
ITH35,Venezia,393.5,392.6,442.7,442.4,441.2
ITH36,Padova,446,445.6,445.5,445.9,445.2
ITH37,Rovigo,141.3,140.2,150.5,149.3,147.9
ITH4,Friuli-Venezia Giulia,162,161.4,160.7,160.5,159.9
ITH41,Pordenone,144.8,144.4,140.5,140.6,140.3
ITH42,Udine,113.1,112.6,111.6,111.3,111
ITH43,Gorizia,309.7,308.3,365.3,365,362.8
ITH44,Trieste,1116,1112.7,1101.7,1101.2,1093.8
ITH5,Emilia-Romagna,198.2,198.1,201.5,201.7,201.9
ITH51,Piacenza,115.1,114.8,111.9,112,111.9
ITH52,Parma,134.2,134.7,131.1,131.5,132.2
ITH53,Reggio nell'Emilia,238.1,237.9,233.4,233.2,232.6
ITH54,Modena,268,267.8,261.8,262.7,263.6
ITH55,Bologna,276.2,276.9,274.7,275.5,276.9
ITH56,Ferrara,138.2,137.1,142.7,142.1,141.6
ITH57,Ravenna,218.5,218.3,218.8,218.2,217.3
ITH58,Forlì-Cesena,169.1,168.7,165.9,166,166.2
ITH59,Rimini,387.7,388.6,390.6,391.9,391.5
ITI,Centro (IT),208,207.8,209.9,209.4,207.5
ITI1,Toscana,165.4,165.2,164,163.7,162.7
ITI11,Massa-Carrara,176.3,175.1,170,169.3,167.5
ITI12,Lucca,226.8,225.8,222.9,222.3,220.4
ITI13,Pistoia,307,306.6,305.3,305.6,305.5
ITI14,Firenze,291.5,291.8,290.5,290.1,287.5
ITI15,Prato,701,703.2,699.6,703.8,705.2
ITI16,Livorno,281.9,281.1,279.7,278.7,276.9
ITI17,Pisa,175.9,175.9,173.5,172.9,172.4
ITI18,Arezzo,107.9,107.6,107,106.7,106
ITI19,Siena,71.3,71.1,70.5,70.3,70
ITI1A,Grosseto,50.6,50.4,50.1,50,49.7
ITI2,Umbria,108.2,107.9,106.8,106.3,105.5
ITI21,Perugia,107.7,107.4,106.4,106,105.1
ITI22,Terni,109.7,109.1,107.9,107.3,106.5
ITI3,Marche,164.6,163.9,163.6,162.9,161.9
ITI31,Pesaro e Urbino,141.1,140.6,140.6,140.3,139.6
ITI32,Ancona,250,249,241.5,240.8,239.5
ITI33,Macerata,116.6,116,114.5,113.7,112.7
ITI34,Ascoli Piceno,171.6,170.8,170.3,169.3,168.4
ITI35,Fermo,203.9,203.1,202.5,201.9,200.4
ITI4,Lazio,348.6,348.8,347.7,347.2,343
ITI41,Viterbo,93,92.6,91.6,91.3,90.1
ITI42,Rieti,58.4,58.1,57.4,57,56.3
ITI43,Roma,821.4,822.5,824.8,823.7,814
ITI44,Latina,257.9,258.5,259,259.1,256.2
ITI45,Frosinone,154.3,153.7,151.7,151.1,149.1
ITF,Sud,196.1,195.5,191.4,190.6,188.5
ITF1,Abruzzo,125,124.5,122,121.5,120.5
ITF11,L'Aquila,60.7,60.4,59.8,59.6,59
ITF12,Teramo,161.9,161.6,158.3,157.8,156.7
ITF13,Pescara,276.2,275.6,260.7,259.7,258.5
ITF14,Chieti,154.2,153.4,149.6,148.9,147.3
ITF2,Molise,71.5,71.2,69.6,69.1,68.2
ITF21,Isernia,57.5,57.1,55.8,55.3,54.6
ITF22,Campobasso,78.9,78.6,77,76.4,75.4
ITF3,Campania,437.3,436.5,427.8,426.4,422.2
ITF31,Caserta,354.9,354.8,350.3,350.1,348.2
ITF32,Benevento,138.4,137.8,134.5,133.9,132.2
ITF33,Napoli,2681.6,2676.8,2644,2634.5,2606.2
ITF34,Avellino,154.8,154,151,150.1,148.1
ITF35,Salerno,229.1,228.7,222.9,222.3,220.2
ITF4,Puglia,212.8,212.1,210.2,209.3,206.8
ITF43,Taranto,243,241.9,238,236.6,233.3
ITF44,Brindisi,217.6,216.6,213.5,212.4,209.8
ITF45,Lecce,292.1,291.3,287.5,286.3,283.3
ITF46,Foggia,90.2,89.9,91.4,90.9,89.6
ITF47,Bari,327.5,326.7,326,324.9,321.4
ITF48,Barletta-Andria-Trani,255.3,254.7,262.8,262,259.8
ITF5,Basilicata,59.2,58.9,56.8,56.4,55.7
ITF51,Potenza,58.6,58.3,56.3,55.9,55.1
ITF52,Matera,60.2,60,57.6,57.4,56.8
ITF6,Calabria,133.8,133.4,129.2,128.6,126.5
ITF61,Cosenza,110.4,110,106.3,105.9,104.5
ITF62,Crotone,103,103.4,101.2,101.1,99.2
ITF63,Catanzaro,154.9,154.6,149.9,149.1,146.7
ITF64,Vibo Valentia,144.3,143.7,140.7,140,137.3
ITF65,Reggio di Calabria,179.6,179,172.2,171.3,168.2
ITG,Isole,136.8,136.3,135.2,134.5,132.6
ITG1,Sicilia,200.1,199.4,196.2,195.1,192.1
ITG11,Trapani,178.3,178,177.1,176.3,174
ITG12,Palermo,257.5,256.6,253.7,252.1,248.4
ITG13,Messina,203.2,201.9,194.5,193,190.4
ITG14,Agrigento,148.1,147.2,144.9,143.7,141.3
ITG15,Caltanissetta,129.6,128.6,125.8,124.1,121.6
ITG16,Enna,67.5,66.8,65.3,64.7,63.5
ITG17,Catania,318.1,317.6,311.9,311.1,305.9
ITG18,Ragusa,199,199.7,198.1,198,196.2
ITG19,Siracusa,193.6,193,191.5,190.7,187.9
ITG2,Sardegna,69.5,69.3,69.3,69.1,68.3
ITG25,Sassari (NUTS 2016),78.1,77.9,77.9,77.5,76.8
ITG26,Nuoro (NUTS 2016),40.3,40,39.7,39.3,38.8
ITG27,Cagliari (NUTS 2016),123.4,123.2,125.5,125.3,124
ITG28,Oristano (NUTS 2016),53.6,53.3,54.7,54.3,53.6
ITG29,Olbia-Tempio (NUTS 2016),47.4,47.5,47.6,47.7,47.4
ITG2A,Ogliastra (NUTS 2016),31.1,31,30.9,30.7,30.3
ITG2B,Medio Campidano (NUTS 2016),66.2,65.7,64.9,64.3,63.4
ITG2C,Carbonia-Iglesias (NUTS 2016),85.6,85.1,85.3,84.6,83.1
CY,Cyprus,92,92.4,93.3,94.4,95.7
CY0,Kypros,92,92.4,93.3,94.4,95.7
CY00,Kypros,92,92.4,93.3,94.4,95.7
CY000,Kypros,92,92.4,93.3,94.4,95.7
LV,Latvia,31.8,31,30.7,30.4,30.2
LV0,Latvija,31.8,31,30.7,30.4,30.2
LV00,Latvija,31.8,31,30.7,30.4,30.2
LV003,Kurzeme,19.2,18.6,18.3,18,17.8
LV005,Latgale,20.2,19.4,19,18.7,18.4
LV006,Riga,2592.4,2482.7,2479.4,2462.4,2442.1
LV007,Pieriga,37.6,36.8,36.9,37.1,37.5
LV008,Vidzeme,13.4,12.9,12.6,12.5,12.3
LV009,Zemgale,23.1,22.4,22.1,21.8,21.6
LT,Lithuania,46.4,45.8,45.2,44.7,44.6
LT0,Lietuva,46.4,45.8,45.2,44.7,44.6
LT01,Sostines regionas,85.6,85.5,85.5,85.8,86.6
LT011,Vilniaus apskritis,85.6,85.5,85.5,85.8,86.6
LT02,Vidurio ir vakaru Lietuvos regionas,39.4,38.8,38,37.5,37.2
LT021,Alytaus apskritis,28.3,27.7,27.1,26.5,26.1
LT022,Kauno apskritis,74.1,73.3,72.4,71.8,71.8
LT023,Klaipedos apskritis,69.7,69,68.2,67.9,68.2
LT024,Marijampoles apskritis,34.5,33.8,32.9,32.1,31.6
LT025,Panevezio apskritis,30.4,29.7,28.9,28.2,27.7
LT026,Siauliu apskritis,33.5,32.8,32.1,31.7,31.4
LT027,Taurages apskritis,23.8,23.3,22.6,22.1,21.6
LT028,Telsiu apskritis,33.8,33.1,32.3,31.6,31.2
LT029,Utenos apskritis,20.8,20.3,19.8,19.3,18.9
LU,Luxembourg,220.3,225.1,230.6,235.1,239.8
LU0,Luxembourg,220.3,225.1,230.6,235.1,239.8
LU00,Luxembourg,220.3,225.1,230.6,235.1,239.8
LU000,Luxembourg,220.3,225.1,230.6,235.1,239.8
HU,Hungary,107.9,107.6,107.3,107.1,107.1
HU1,Közép-Magyarország,440.1,441.3,442.6,444.9,447.5
HU11,Budapest,3448.1,3443.2,3433.8,3433.4,3433.8
HU110,Budapest,3448.1,3443.2,3433.8,3433.4,3433.8
HU12,Pest,195.9,197.6,199.7,202.3,205.1
HU120,Pest,195.9,197.6,199.7,202.3,205.1
HU2,Dunántúl,82.8,82.5,82.2,82.1,82.2
HU21,Közép-Dunántúl,99.4,99,98.8,98.9,99.1
HU211,Fejér,97.4,97.3,97.1,97.2,97.4
HU212,Komárom-Esztergom,134.6,134.3,134.2,134.6,135.4
HU213,Veszprém,82.6,82.1,81.8,81.6,81.6
HU22,Nyugat-Dunántúl,87.9,87.9,88,88.2,88.6
HU221,Gyor-Moson-Sopron,109.4,109.9,110.7,111.9,113.3
HU222,Vas,76.2,76,76,76,76.2
HU223,Zala,74.5,73.9,73.3,72.8,72.3
HU23,Dél-Dunántúl,65.8,65.2,64.7,64.2,63.7
HU231,Baranya,84.4,83.7,83.2,82.7,82.1
HU232,Somogy,54.1,53.6,53.2,52.7,52.4
HU233,Tolna,61.8,61.2,60.6,60,59.5
HU3,Alföld és Észak,80,79.4,78.9,78.4,77.9
HU31,Észak-Magyarország,87.2,86.4,85.7,85,84.4
HU311,Borsod-Abaúj-Zemplén,92.4,91.5,90.6,89.8,89
HU312,Heves,84.2,83.6,83.1,82.8,82.4
HU313,Nógrád,76.7,76.1,75.5,74.9,74.3
HU32,Észak-Alföld,84.8,84.5,84.1,83.6,83.1
HU321,Hajdú-Bihar,87.9,87.5,87.1,86.8,86.5
HU322,Jász-Nagykun-Szolnok,69.3,68.7,68.2,67.9,67.5
HU323,Szabolcs-Szatmár-Bereg,96.1,96.1,95.7,94.9,94.1
HU33,Dél-Alföld,70,69.4,68.9,68.5,68.1
HU331,Bács-Kiskun,61.4,61,60.7,60.4,60.2
HU332,Békés,62.7,61.9,61.1,60.3,59.7
HU333,Csongrád,96.8,96.3,95.8,95.5,95.2
MT,Malta,1408.4,1450.2,1495.2,1548.3,1595.1
MT0,Malta,1408.4,1450.2,1495.2,1548.3,1595.1
MT00,Malta,1408.4,1450.2,1495.2,1548.3,1595.1
MT001,Malta,1673,1727.7,1777.7,1843.2,1903.5
MT002,Gozo and Comino/Ghawdex u Kemmuna,461.3,471.6,477.4,486.1,491.4
NL,Netherlands,503.1,498.1,501.1,504,507.3
NL1,Noord-Nederland,207.2,204.1,204.4,204.4,204.9
NL11,Groningen,251.2,247.3,247.1,247.2,247.9
NL111,Oost-Groningen,180.3,176,167.8,174.5,174.8
NL112,Delfzijl en omgeving,176.6,173.4,172,170.6,169.6
NL113,Overig Groningen,315,311.4,317,312.9,314.1
NL12,Friesland (NL),193.7,190.3,190.5,190.6,191
NL124,Noord-Friesland,208.6,206.5,204.9,206.7,207.2
NL125,Zuidwest-Friesland,167.9,163.7,167.3,164.1,164.2
NL126,Zuidoost-Friesland,191.3,186.9,187.1,187.3,187.7
NL13,Drenthe,185.6,183.5,184.2,184.3,184.5
NL131,Noord-Drenthe,182,181.1,182.3,181.8,181.9
NL132,Zuidoost-Drenthe,186.1,182.7,182.4,182.3,182.3
NL133,Zuidwest-Drenthe,190.3,188.4,189.4,190.5,191.4
NL2,Oost-Nederland,368.9,366.8,368.8,370.9,373.4
NL21,Overijssel,344.2,340.9,341.9,343.2,344.9
NL211,Noord-Overijssel,256.5,253.7,255.3,257.1,259.1
NL212,Zuidwest-Overijssel,368.3,366.2,367.8,369.5,371.7
NL213,Twente,420.9,417.4,417.8,418.5,419.6
NL22,Gelderland,408.8,408.3,410.8,413.2,415.8
NL221,Veluwe,366.3,368,371,374.1,377.4
NL224,Zuidwest-Gelderland,341.8,340.1,342.2,345.2,348.9
NL225,Achterhoek,258.3,257.1,257.5,257.8,258
NL226,Arnhem/Nijmegen,806.3,801,806.2,810.6,814.7
NL23,Flevoland,285.4,282.9,285.5,288.6,292.5
NL230,Flevoland,285.4,282.9,285.5,288.6,292.5
NL3,West-Nederland,930.8,915.1,922.3,929.5,937.2
NL31,Utrecht,920.6,910.4,918.1,926.1,934.6
NL310,Utrecht,920.6,910.4,918.1,926.1,934.6
NL32,Noord-Holland,1041.1,1016,1024.5,1032.4,1041.2
NL321,Kop van Noord-Holland,343.8,338.1,339,340,341.5
NL323,IJmond,671,1200,1206.6,1212.2,1218.1
NL324,Agglomeratie Haarlem,1428.8,1720.6,1732.8,1746.2,1762.1
NL325,Zaanstreek,1299.6,1383.7,1394.9,1406,1415.1
NL327,Het Gooi en Vechtstreek,2209,1241.3,1252.9,1263.5,1273.7
NL328,Alkmaar en omgeving,1223.7,1231.6,1240.7,1248.5,1258.2
NL329,Groot-Amsterdam,1907.3,1929.5,1949.7,1968.5,1989.2
NL33,Zuid-Holland,1286.5,1260.8,1271,1281.2,1292.2
NL332,Agglomeratie 's-Gravenhage,3340.2,3280.7,3316.8,3352,3389.8
NL333,Delft en Westland,1486.5,1464,1477.7,1494.3,1508
NL337,Agglomeratie Leiden en Bollenstreek,1509.3,1472.5,1484.1,1494.5,1504.5
NL33A,Zuidoost-Zuid-Holland,861.4,842,845.4,848.6,852.3
NL33B,Oost-Zuid-Holland,677.4,651.3,658.5,666.1,673
NL33C,Groot-Rijnmond,1182.3,1167.5,1175.3,1183.2,1192.8
NL34,Zeeland,213.8,211.5,211.8,212.2,212.6
NL341,Zeeuwsch-Vlaanderen,144.6,142.6,142.4,142.3,142.2
NL342,Overig Zeeland,262,259.7,260.3,261,261.7
NL4,Zuid-Nederland,512,508.9,511.1,513.2,515.7
NL41,Noord-Brabant,508.4,505.1,508,511.3,514.8
NL411,West-Noord-Brabant,512.8,507.4,509.9,512.3,514.1
NL412,Midden-Noord-Brabant,521.7,517.6,520.9,524.9,529.2
NL413,Noordoost-Noord-Brabant,478.3,476.1,478.7,481.5,484.6
NL414,Zuidoost-Noord-Brabant,524.7,522.5,526,529.9,534.7
NL42,Limburg (NL),520.3,517.8,518,517.7,517.7
NL421,Noord-Limburg,336.9,335,335.9,336.2,336.9
NL422,Midden-Limburg,354,352.9,353.8,354.3,354.9
NL423,Zuid-Limburg,925.3,922.3,920.9,918.9,917.5
AT,Austria,104.9,106,106.8,107.1,107.6
AT1,Ostösterreich,163.3,165.6,167,167.2,168.1
AT11,Burgenland (AT),79,79.4,79.7,77.5,77.8
AT111,Mittelburgenland,54.3,54.4,54.3,54.2,54
AT112,Nordburgenland,101.4,102.4,103.1,96.9,97.6
AT113,Südburgenland,67.2,67.3,67.2,66.9,66.8
AT12,Niederösterreich,87,87.7,88.2,88.5,88.9
AT121,Mostviertel-Eisenwurzen,73.7,74.2,74.4,74.6,74.8
AT122,Niederösterreich-Süd,76.6,77.2,77.4,77.7,77.9
AT123,Sankt Pölten,124.7,126.1,127,127.8,128.4
AT124,Waldviertel,48,48.2,48.1,47.8,47.7
AT125,Weinviertel,51.8,52.1,52.3,52.3,52.3
AT126,Wiener Umland/Nordteil,119.7,121.1,122.4,123.7,124.8
AT127,Wiener Umland/Südteil,230.1,232.9,234.7,236.3,237.9
AT13,Wien,4604.5,4693.4,4754.9,4780.6,4808.9
AT130,Wien,4604.5,4693.4,4754.9,4780.6,4808.9
AT2,Südösterreich,69.7,70.1,70.3,70.4,70.5
AT21,Kärnten,59.7,59.9,59.9,59.9,59.9
AT211,Klagenfurt-Villach,144.4,145.4,146.1,146.6,147.2
AT212,Oberkärnten,30.9,30.8,30.7,30.6,30.5
AT213,Unterkärnten,45.2,45.2,45,44.7,44.6
AT22,Steiermark,75.5,76,76.2,76.4,76.6
AT221,Graz,349.1,354.7,358.9,367.6,370.9
AT222,Liezen,24.7,24.7,24.8,24.3,24.3
AT223,Östliche Obersteiermark,50.1,49.9,49.6,50,49.8
AT224,Oststeiermark,79.7,79.9,80,80.9,81
AT225,West- und Südsteiermark,87.9,88.3,88.3,86.8,87
AT226,Westliche Obersteiermark,33.4,33.3,33.1,32.9,32.7
AT3,Westösterreich,91.8,92.7,93.4,94,94.5
AT31,Oberösterreich,123.4,124.6,125.4,126.1,126.8
AT311,Innviertel,100.8,101.7,102.5,103.1,103.7
AT312,Linz-Wels,336.1,340.2,343.5,346.7,349.2
AT313,Mühlviertel,78.4,79,79.2,79.4,79.7
AT314,Steyr-Kirchdorf,69.4,69.8,70.1,70.2,70.3
AT315,Traunviertel,97.8,98.6,98.9,99.3,99.8
AT32,Salzburg,76.9,77.7,78.1,78.5,78.9
AT321,Lungau,20.3,20.3,20.2,20.1,20
AT322,Pinzgau-Pongau,37.9,38.2,38.4,38.5,38.7
AT323,Salzburg und Umgebung,211.4,213.9,215.6,216.9,218.2
AT33,Tirol,58.7,59.3,59.8,60.2,60.4
AT331,Außerfern,26.3,26.6,26.8,26.9,27
AT332,Innsbruck,145.3,147.6,148.8,149.5,150
AT333,Osttirol,24.4,24.4,24.4,24.3,24.3
AT334,Tiroler Oberland,31,31.2,31.5,31.7,31.8
AT335,Tiroler Unterland,63.5,64.2,64.8,65.4,65.8
AT34,Vorarlberg,150.5,152.5,154,155.2,156.3
AT341,Bludenz-Bregenzer Wald,48.1,48.8,49.1,49.4,49.7
AT342,Rheintal-Bodenseegebiet,429.6,435.4,439.9,444.5,447.8
PL,Poland,123.6,123.6,123.6,123.6,123.6
PL2,Makroregion Poludniowy,289,288.8,288.8,288.8,288.7
PL21,Malopolskie,221.4,221.9,222.5,223.2,224
PL213,Miasto Kraków,2362.9,2369.6,2379.8,2393.9,2417.5
PL214,Krakowski,175.8,176.9,178.2,179.4,180.6
PL217,Tarnowski,175.8,175.7,175.8,175.8,175.5
PL218,Nowosadecki,151.2,151.6,152.1,152.6,152.8
PL219,Nowotarski,127.7,127.8,128,128.1,128.1
PL21A,Oswiecimski,275.8,275.4,275.1,274.5,273.7
PL22,Slaskie,372.6,371.6,370.7,369.9,368.8
PL224,Czestochowski,170.5,169.8,169,168.3,167.6
PL225,Bielski,285.3,285.5,285.9,286.3,286.6
PL227,Rybnicki,472.2,471.6,471.5,471.2,470.3
PL228,Bytomski,279,278,277.2,276.3,275.3
PL229,Gliwicki,541.5,539.5,537.7,535.5,533.1
PL22A,Katowicki,1969.8,1960.3,1952.3,1944.1,1935.4
PL22B,Sosnowiecki,386.4,384.2,382.1,379.8,377.4
PL22C,Tyski,433.8,435,436.5,438,439.2
PL4,Makroregion Pólnocno-Zachodni,94.3,94.3,94.3,94.4,94.4
PL41,Wielkopolskie,117,117.1,117.4,117.6,117.9
PL411,Pilski,63.8,63.8,63.7,63.6,63.5
PL414,Koninski,104,103.9,103.8,103.7,103.6
PL415,Miasto Poznan,2110.7,2102,2095.2,2088.8,2083.1
PL416,Kaliski,115.7,115.6,115.6,115.6,115.4
PL417,Leszczynski,93.1,93.3,93.4,93.6,93.8
PL418,Poznanski,128.6,130.3,132.1,134.1,136.2
PL42,Zachodniopomorskie,77.2,77,76.9,76.8,76.6
PL424,Miasto Szczecin,1737.2,1732,1725.3,1721.9,1720.2
PL426,Koszalinski,82.1,81.9,81.9,81.8,81.6
PL427,Szczecinecko-pyrzycki,42.4,42.2,42.1,41.9,41.6
PL428,Szczecinski,69,69.1,69.2,69.2,69.3
PL43,Lubuskie,72.9,72.8,72.8,72.7,72.6
PL431,Gorzowski,63.4,63.4,63.4,63.4,63.3
PL432,Zielonogórski,80.2,80.1,80,79.9,79.8
PL5,Makroregion Poludniowo-Zachodni,131.4,131.2,131.2,131.1,131
PL51,Dolnoslaskie,145,144.9,144.9,144.9,144.9
PL514,Miasto Wroclaw,2201.7,2211.4,2220.7,2228.5,2238.1
PL515,Jeleniogórski,101.4,100.9,100.5,100,99.4
PL516,Legnicko-Glogowski,129.7,129.5,129.3,129,128.6
PL517,Walbrzyski,157.6,156.5,155.5,154.4,153.3
PL518,Wroclawski,90.3,90.9,91.7,92.6,93.5
PL52,Opolskie,102.5,102.2,102,101.7,101.4
PL523,Nyski,91.2,90.8,90.4,90.1,89.7
PL524,Opolski,111.2,110.9,110.8,110.6,110.3
PL6,Makroregion Pólnocny,98.8,98.9,98.9,99,99
PL61,Kujawsko-Pomorskie,117.4,117.3,117.2,117.1,116.8
PL613,Bydgosko-Torunski,269.6,270,270.5,270.9,271.2
PL616,Grudziadzki,97.2,97,96.8,96.6,96.2
PL617,Inowroclawski,92.6,92.3,92.2,91.9,91.6
PL618,Swiecki,57,56.9,56.9,56.8,56.7
PL619,Wloclawski,101.2,100.8,100.4,100,99.4
PL62,Warminsko-Mazurskie,61.7,61.5,61.4,61.3,61.1
PL621,Elblaski,73.6,73.3,73.1,72.8,72.5
PL622,Olsztynski,61.1,61,60.9,60.8,60.6
PL623,Elcki,48.3,48.2,48.1,48.1,47.9
PL63,Pomorskie,128.6,129,129.5,130,130.6
PL633,Trojmiejski,1848.4,1850.8,1853.1,1857,1865.2
PL634,Gdanski,132.3,133.9,135.6,137.6,139.5
PL636,Slupski,64.8,64.7,64.7,64.7,64.6
PL637,Chojnicki,55.6,55.6,55.8,55.9,55.9
PL638,Starogardzki,106,106,106,105.9,105.7
PL7,Makroregion Centralny,125.4,124.9,124.5,124,123.4
PL71,Lódzkie,137.2,136.7,136.2,135.7,135.2
PL711,Miasto Lódz,2394.6,2378.8,2362.8,2345.6,2330.1
PL712,Lódzki,174.3,174.5,174.7,175.1,175.4
PL713,Piotrkowski,99.3,98.9,98.6,98.3,97.9
PL714,Sieradzki,79.4,79.2,79,78.8,78.5
PL715,Skierniewicki,89.6,89.2,88.9,88.5,88.1
PL72,Swietokrzyskie,107,106.6,106.1,105.6,105.1
PL721,Kielecki,152.2,151.7,151.2,150.7,149.9
PL722,Sandomiersko-jedrzejowski,72.8,72.4,72,71.6,71.1
PL8,Makroregion Wschodni,85.7,85.6,85.4,85.3,85.1
PL81,Lubelskie,85.2,84.9,84.6,84.3,84
PL811,Bialski,51.1,50.9,50.8,50.6,50.3
PL812,Chelmsko-zamojski,68,67.6,67.2,66.7,66.2
PL814,Lubelski,169.3,169.4,169.5,169.6,169.8
PL815,Pulawski,86.7,86.2,85.8,85.4,84.9
PL82,Podkarpackie,117.7,117.7,117.8,117.8,117.8
PL821,Krosnienski,86.3,86.2,86,85.8,85.6
PL822,Przemyski,91.3,91,90.8,90.5,90.1
PL823,Rzeszowski,175,175.7,176.7,177.7,178.8
PL824,Tarnobrzeski,136.3,136.3,136.2,136,135.7
PL84,Podlaskie,58,57.9,57.8,57.7,57.5
PL841,Bialostocki,98.2,98.3,98.5,98.7,98.8
PL842,Lomzynski,44.5,44.2,44,43.7,43.4
PL843,Suwalski,43.8,43.7,43.5,43.4,43.2
PL9,Makroregion Województwo Mazowieckie,150.9,151.3,151.8,152.4,153
PL91,Warszawski stoleczny,493.9,497.4,501.2,505.4,510.2
PL911,Miasto Warszawa,3430.3,3449.1,3470,3495.3,3523.5
PL912,Warszawski wschodni,200.6,202.4,204.2,206.1,208.2
PL913,Warszawski zachodni,254,256.5,259.1,261.9,265.2
PL92,Mazowiecki regionalny,80.3,80.1,80,79.8,79.5
PL921,Radomski,107.3,106.9,106.6,106.3,105.8
PL922,Ciechanowski,65.3,65.1,65,64.7,64.5
PL923,Plocki,100.3,99.9,99.7,99.3,98.8
PL924,Ostrolecki,59.3,59.2,59.1,59,58.8
PL925,Siedlecki,69.8,69.7,69.7,69.6,69.5
PL926,Zyrardowski,103.2,103.2,103.2,103.1,103
PT,Portugal,112.3,113.5,113.2,113,113
PT1,Continente,110.6,111.8,111.5,111.3,111.4
PT11,Norte,169.7,170.2,169.6,169.3,169.3
PT111,Alto Minho,106.9,107.5,106.5,105.9,105.5
PT112,Cávado,326.6,329.2,328.2,327.9,328.1
PT119,Ave,288.8,288.4,286.8,285.8,285.1
PT11A,Área Metropolitana do Porto,846.4,849.2,848.2,849.1,851.2
PT11B,Alto Tâmega,30.7,30.6,30.3,30,29.9
PT11C,Tâmega e Sousa,231.8,233,231.7,230.7,229.9
PT11D,Douro,48.7,48.7,48.3,48,47.8
PT11E,Terras de Trás-os-Montes,20.1,19.9,19.7,19.6,19.5
PT15,Algarve,88.4,89.5,89.3,89,88.9
PT150,Algarve,88.4,89.5,89.3,89,88.9
PT16,Centro (PT),80.2,80.4,79.9,79.5,79.2
PT16B,Oeste,161.5,162.3,162.1,161.8,162
PT16D,Região de Aveiro,215.2,221.8,221.5,221,221.2
PT16E,Região de Coimbra,102.2,102.6,102,101.4,101
PT16F,Região de Leiria,118.1,118,117.4,116.8,116.4
PT16G,Viseu Dão Lafões,80.2,79.9,79.2,78.5,78
PT16H,Beira Baixa,18.2,18.1,18,17.7,17.6
PT16I,Médio Tejo,71.3,71.8,71.3,70.8,70.5
PT16J,Beiras e Serra da Estrela,35.3,35.1,34.6,34.2,33.8
PT17,Área Metropolitana de Lisboa,932.3,1002.5,1006.2,1010.7,1015.9
PT170,Área Metropolitana de Lisboa,932.3,1002.5,1006.2,1010.7,1015.9
PT18,Alentejo,23.1,23.2,23,22.8,22.7
PT181,Alentejo Litoral,18,18.3,18.2,18.1,18.1
PT184,Baixo Alentejo,14.2,14.2,14.1,13.9,13.8
PT185,Lezíria do Tejo,56.7,56.8,56.5,56.2,56.1
PT186,Alto Alentejo,18.3,18.2,17.9,17.7,17.4
PT187,Alentejo Central,21.5,21.8,21.6,21.3,21.2
PT2,Região Autónoma dos Açores (PT),106,106.5,106.1,105.6,105.3
PT20,Região Autónoma dos Açores (PT),106,106.5,106.1,105.6,105.3
PT200,Região Autónoma dos Açores (PT),106,106.5,106.1,105.6,105.3
PT3,Região Autónoma da Madeira (PT),321.5,320,318.7,318.1,318
PT30,Região Autónoma da Madeira (PT),321.5,320,318.7,318.1,318
PT300,Região Autónoma da Madeira (PT),321.5,320,318.7,318.1,318
RO,Romania,86.1,85.6,85.2,83.1,82.7
RO1,Macroregiunea unu,73,72.8,72.5,71.8,71.6
RO11,Nord-Vest,76.6,76.4,76.1,75.2,75
RO111,Bihor,77,76.6,76.3,75,74.8
RO112,Bistrita-Nasaud,53.5,53.4,53.1,52.3,52.1
RO113,Cluj,106.5,106.6,106.9,106.4,106.8
RO114,Maramures,75.1,74.7,74.3,73.5,73.2
RO115,Satu Mare,77.9,77.5,77.1,75.8,75.4
RO116,Salaj,57.3,56.9,56.4,55.2,54.7
RO12,Centru,69.4,69.2,68.9,68.4,68.2
RO121,Alba,54.2,53.8,53.3,52.5,52.2
RO122,Brasov,103.9,103.9,103.9,103.4,103.6
RO123,Covasna,56.2,55.9,55.5,54.8,54.6
RO124,Harghita,46.7,46.5,46.2,45.8,45.6
RO125,Mures,82,81.5,81.1,80.4,80
RO126,Sibiu,74.5,74.4,74.4,74.1,74.2
RO2,Macroregiunea doi,85.4,84.8,84.2,80.1,79.5
RO21,Nord-Est,90.4,89.9,89.5,88,87.5
RO211,Bacau,93.1,92.4,91.7,89.9,89.1
RO212,Botosani,81.9,81,80,78,77.1
RO213,Iasi,147.6,147.7,148.2,146.8,146.9
RO214,Neamt,79,78.3,77.6,76,75.3
RO215,Suceava,74.8,74.6,74.5,73.5,73.3
RO216,Vaslui,74.2,73.7,73,71.4,70.7
RO22,Sud-Est,79.6,78.8,78.1,71.6,70.9
RO221,Braila,68.6,67.4,66.5,63.5,62.6
RO222,Buzau,72.4,71.5,70.6,68.9,68
RO223,Constanta,102.8,102.4,102,100.2,99.9
RO224,Galati,120.6,119.4,118.4,116,114.8
RO225,Tulcea,40.7,40.1,39.7,27.6,27.2
RO226,Vrancea,70.5,69.8,69.2,66.9,66.2
RO3,Macroregiunea trei,151.4,150.6,149.9,147.6,147
RO31,Sud - Muntenia,91,90.1,89.2,87.1,86.1
RO311,Arges,88.8,88.1,87.4,86,85.3
RO312,Calarasi,61.8,61.1,60.4,58.4,57.6
RO313,Dâmbovita,128.6,127.6,126.5,122.8,121.6
RO314,Giurgiu,81.4,81,80.2,77.6,76.8
RO315,Ialomita,61.5,61,60.3,59.2,58.7
RO316,Prahova,160.7,159,157.5,154.2,152.8
RO317,Teleorman,63.5,62.5,61.3,59.5,58.4
RO32,Bucuresti - Ilfov,1299.7,1299.1,1304.6,1316.3,1321.9
RO321,Bucuresti,9992.9,8014.6,7981.6,7919.4,7933.2
RO322,Ilfov,278,295.3,296.7,314.7,319.1
RO4,Macroregiunea patru,63.5,62.9,62.4,61.4,61
RO41,Sud-Vest Oltenia,70.4,69.7,68.9,67.6,66.9
RO411,Dolj,89.3,88.6,87.9,86.4,85.7
RO412,Gorj,59.3,58.6,57.9,57.3,56.6
RO413,Mehedinti,53.6,52.9,52.1,50.5,49.9
RO414,Olt,78.2,77.1,76.1,74.1,73.1
RO415,Vâlcea,64.1,63.5,62.9,61.9,61.5
RO42,Vest,57.2,56.9,56.6,55.9,55.7
RO421,Arad,55.9,55.6,55.2,54.3,54.1
RO422,Caras-Severin,33.7,33.3,32.9,32.3,32
RO423,Hunedoara,57.3,56.5,55.8,54.8,54.2
RO424,Timis,81.5,81.6,81.9,81.3,81.6
SI,Slovenia,102.4,102.5,102.6,102.9,103.7
SI0,Slovenija,102.4,102.5,102.6,102.9,103.7
SI03,Vzhodna Slovenija,88.6,88.5,88.4,88.5,89
SI031,Pomurska,87.7,87.2,86.8,86.3,86.1
SI032,Podravska,150.6,150.3,150.2,150.7,151.6
SI033,Koroska,68.9,68.6,68.4,68.3,68.4
SI034,Savinjska,111,111.2,111.3,111.6,112.3
SI035,Zasavska,119.5,119,118.6,118.3,118.4
SI036,Posavska,78.8,78.8,78.6,78.6,78.8
SI037,Jugovzhodna Slovenija,53.5,53.5,53.6,53.8,54.3
SI038,Primorsko-notranjska,36.7,36.7,36.6,36.6,36.8
SI04,Zahodna Slovenija,124.3,124.6,124.9,125.7,126.9
SI041,Osrednjeslovenska,230.1,231.2,232.4,234.4,237.2
SI042,Gorenjska,96,96,95.9,96.1,96.8
SI043,Goriska,51,50.9,50.7,50.7,50.9
SI044,Obalno-kraska,108.3,108.6,109,109.8,110.7
SK,Slovakia,110.6,111.5,111.7,111.8,112
SK0,Slovensko,110.6,111.5,111.7,111.8,112
SK01,Bratislavský kraj,306.5,315.5,319.8,324.2,328.8
SK010,Bratislavský kraj,306.5,315.5,319.8,324.2,328.8
SK02,Západné Slovensko,122.3,123.4,123.3,123.1,123
SK021,Trnavský kraj,134.9,137.9,138.2,138.5,138.8
SK022,Trenciansky kraj,131.2,131.4,131.2,130.8,130.5
SK023,Nitriansky kraj,107.8,108.3,108,107.7,107.3
SK03,Stredné Slovensko,82.7,83,82.9,82.8,82.7
SK031,Zilinský kraj,101.4,102.5,102.5,102.6,102.6
SK032,Banskobystrický kraj,69.2,69.1,68.9,68.7,68.4
SK04,Východné Slovensko,102.8,103.4,103.6,103.8,103.9
SK041,Presovský kraj,91.4,91.7,91.9,92.1,92.2
SK042,Kosický kraj,117.9,119,119.2,119.4,119.6
FI,Finland,18,18.1,18.1,18.1,18.2
FI1,Manner-Suomi,18,18.1,18.1,18.1,18.2
FI19,Länsi-Suomi,23.6,23.7,23.7,23.7,23.7
FI193,Keski-Suomi,16.5,16.5,16.5,16.5,16.5
FI194,Etelä-Pohjanmaa,14.4,14.3,14.2,14.2,14.1
FI195,Pohjanmaa,23.4,23.4,23.4,23.3,23.3
FI196,Satakunta,28.6,28.4,28.3,28.1,27.8
FI197,Pirkanmaa,40.1,40.3,40.6,40.8,41
FI1B,Helsinki-Uusimaa,177.2,179.1,181,182.8,184.7
FI1B1,Helsinki-Uusimaa,177.2,179.1,181,182.8,184.7
FI1C,Etelä-Suomi,36.9,36.9,36.8,36.7,36.6
FI1C1,Varsinais-Suomi,44.4,44.5,44.7,44.8,44.9
FI1C2,Kanta-Häme,33.7,33.5,33.3,33.1,32.9
FI1C3,Päijät-Häme,39.4,39.4,39.3,39.2,39.1
FI1C4,Kymenlaakso,34.8,34.6,34.3,33.9,33.5
FI1C5,Etelä-Karjala,24.7,24.6,24.4,24.3,24.1
FI1D,Pohjois- ja Itä-Suomi,6.4,6.4,6.4,6.3,6.3
FI1D1,Etelä-Savo,10.6,10.5,10.4,10.2,10.1
FI1D2,Pohjois-Savo,14.8,14.8,14.7,14.7,14.6
FI1D3,Pohjois-Karjala,9.3,9.3,9.2,9.2,9.1
FI1D5,Keski-Pohjanmaa,13.7,13.8,13.7,13.7,13.6
FI1D7,Lappi,2,1.9,1.9,1.9,1.9
FI1D8,Kainuu,3.7,3.7,3.7,3.6,3.6
FI1D9,Pohjois-Pohjanmaa,11.1,11.2,11.2,11.2,11.2
FI2,Åland,18.6,18.7,18.9,19.1,19.2
FI20,Åland,18.6,18.7,18.9,19.1,19.2
FI200,Åland,18.6,18.7,18.9,19.1,19.2
SE,Sweden,24.1,24.4,24.7,25,25.2
SE1,Östra Sverige,85.5,86.8,88.2,89.5,90.7
SE11,Stockholm,339.4,344.9,350.8,356.6,361.8
SE110,Stockholms län,339.4,344.9,350.8,356.6,361.8
SE12,Östra Mellansverige,42.4,43,43.6,44.2,44.7
SE121,Uppsala län,42.9,43.7,44.6,45.5,46.4
SE122,Södermanlands län,46.4,47.1,47.7,48.2,48.7
SE123,Östergötlands län,42.1,42.5,43.1,43.5,43.9
SE124,Örebro län,34.1,34.5,34.9,35.3,35.7
SE125,Västmanlands län,51.4,52,52.6,53.3,53.7
SE2,Södra Sverige,55.5,56.2,57,57.7,58.3
SE21,Småland med öarna,25,25.4,25.7,26,26.2
SE211,Jönköpings län,33.2,33.6,34,34.4,34.7
SE212,Kronobergs län,22.6,22.9,23.3,23.6,23.8
SE213,Kalmar län,21.2,21.5,21.8,21.9,22
SE214,Gotlands län,18.3,18.4,18.6,18.8,19
SE22,Sydsverige,104.4,105.9,107.5,108.9,110.1
SE221,Blekinge län,53,53.7,54.2,54.4,54.5
SE224,Skåne län,118.2,119.8,121.7,123.4,124.9
SE23,Västsverige,66.8,67.7,68.6,69.4,70.1
SE231,Hallands län,57.6,58.5,59.4,60.3,61.1
SE232,Västra Götalands län,68.9,69.8,70.6,71.4,72.2
SE3,Norra Sverige,6,6.1,6.1,6.1,6.1
SE31,Norra Mellansverige,13.1,13.3,13.4,13.4,13.5
SE311,Värmlands län,15.7,15.8,16,16,16.1
SE312,Dalarnas län,10,10.1,10.2,10.2,10.3
SE313,Gävleborgs län,15.5,15.6,15.7,15.8,15.8
SE32,Mellersta Norrland,5.3,5.3,5.3,5.3,5.3
SE321,Västernorrlands län,11.3,11.4,11.4,11.4,11.4
SE322,Jämtlands län,2.6,2.6,2.6,2.7,2.7
SE33,Övre Norrland,3.4,3.4,3.4,3.4,3.4
SE331,Västerbottens län,4.8,4.8,4.9,4.9,5
SE332,Norrbottens län,2.6,2.6,2.6,2.6,2.6
EFTA,European Free Trade Association,31.1,31.1,31.4,31.6,31.9
IS,Iceland,3.3,3.3,3.4,3.5,3.6
IS0,Ísland,3.3,3.3,3.4,3.5,3.6
IS00,Ísland,3.3,3.3,3.4,3.5,3.6
IS001,Höfudborgarsvædi,215.7,208.2,212.5,217.9,223
IS002,Landsbyggd,1.2,1.2,1.2,1.3,1.3
LI,Liechtenstein,237.3,238.7,240.3,242.1,244.1
LI0,Liechtenstein,237.3,238.7,240.3,242.1,244.1
LI00,Liechtenstein,237.3,238.7,240.3,242.1,244.1
LI000,Liechtenstein,237.3,238.7,240.3,242.1,244.1
NO,Norway,17.1,16.9,17.1,17.2,17.3
NO0,Norge,17.1,16.9,17.1,17.2,17.3
NO01,Oslo og Akershus (statistical region 2016),248.2,249,252.5,255.9,259.8
NO011,Oslo (statistical region 2016),1532.1,1532.7,1551.2,1567.8,1590.9
NO012,Akershus (statistical region 2016),128.8,129.3,131.5,133.6,135.7
NO02,Innlandet,7.7,7.6,7.7,7.7,7.7
NO021,Hedmark (statistical region 2016),7.5,7.4,7.5,7.5,7.5
NO022,Oppland (statistical region 2016),7.9,7.9,7.9,7.9,7.9
NO03,Sør-Østlandet (statistical region 2016),29.1,28.9,29.1,29.3,29.4
NO031,Østfold (statistical region 2016),74.2,74.4,75.1,75.7,76.3
NO032,Buskerud (statistical region 2016),20,19.8,20,20.1,20.2
NO033,Vestfold (statistical region 2016),113.5,114.7,115.7,116.6,117.5
NO034,Telemark (statistical region 2016),12.4,12.2,12.2,12.2,12.2
NO04,Agder og Rogaland (statistical region 2016),32.4,31.7,31.9,32,32.2
NO041,Aust-Agder (statistical region 2016),13.9,13.6,13.6,13.7,13.8
NO042,Vest-Agder (statistical region 2016),27.2,26.6,26.8,27.1,27.3
NO043,Rogaland (statistical region 2016),54.5,53.3,53.5,53.7,54.1
NO05,Vestlandet (statistical region 2016),19,18.9,19,19,19.1
NO051,Hordaland (statistical region 2016),35.4,35,35.2,35.4,35.5
NO052,Sogn og Fjordane (statistical region 2016),6.2,6.1,6.2,6.1,6.1
NO053,Møre og Romsdal (statistical region 2016),18.2,18.1,18.2,18.2,18.2
NO06,Trøndelag,11.6,11.5,11.7,11.8,11.8
NO060,Trøndelag,:,:,:,11.8,11.8
NO061,Sør-Trøndelag (statistical region 2016),17.5,17.5,17.7,:,:
NO062,Nord-Trøndelag (statistical region 2016),6.5,6.5,6.5,:,:
NO07,Nord-Norge,4.5,4.4,4.5,4.5,4.5
NO071,Nordland,6.7,6.7,6.7,6.7,6.7
NO072,Troms (statistical region 2016),6.6,6.6,6.6,6.6,6.6
NO073,Finnmark (statistical region 2016),1.7,1.6,1.6,1.6,1.6
CH,Switzerland,207.1,210.1,212,213.6,215.1
CH0,Schweiz/Suisse/Svizzera,207.1,210.1,212,213.6,215.1
CH01,Région lémanique,191.1,194.2,196.4,198.2,199.7
CH011,Vaud,272,276.4,279.9,282.4,284.5
CH012,Valais,64,65,65.5,66,66.4
CH013,Genève,1955.5,2004.7,2026.3,2046.8,2065
CH02,Espace Mittelland,187.6,189.8,191.2,192.1,193
CH021,Bern,173.5,175.5,176.7,177.4,178.1
CH022,Freiburg,191.6,194.9,197.3,199.4,201.5
CH023,Solothurn,335.5,340.9,344.1,346.5,348.9
CH024,Neuchâtel,247.9,249.4,249.3,248.1,247.1
CH025,Jura,86.5,87,87.3,87.4,87.6
CH03,Nordwestschweiz,575.9,587.1,593.1,598,603
CH031,Basel-Stadt,5167.5,5345.7,5374.7,5398.3,5425.1
CH032,Basel-Landschaft,544.9,551.2,554.9,557.3,559.7
CH033,Aargau,465.6,476.5,482.8,488.1,493.5
CH04,Zürich,876.8,893.1,904.6,914.5,925.1
CH040,Zürich,876.8,893.1,904.6,914.5,925.1
CH05,Ostschweiz,101.6,102.7,103.4,104,104.6
CH051,Glarus,58.6,59.3,59.5,59.7,59.9
CH052,Schaffhausen,267.2,271.3,273.9,275.9,277.6
CH053,Appenzell Ausserrhoden,223.5,225.3,226.6,227.2,227.7
CH054,Appenzell Innerrhoden,92,93,93.3,93.8,93.8
CH055,St. Gallen,255,257.2,258.7,260,261.5
CH056,Graubünden,27.6,27.8,27.9,28,28
CH057,Thurgau,307.7,312.9,316.6,319.9,323.3
CH06,Zentralschweiz,184.3,186.9,188.7,190.4,191.9
CH061,Luzern,277.6,280.9,283.6,285.7,288.1
CH062,Uri,34,34.2,34.3,34.5,34.7
CH063,Schwyz,180.1,183.8,185.7,187.7,189.6
CH064,Obwalden,76.8,77.9,78.4,78.9,79.3
CH065,Nidwalden,175.3,176.3,177.4,178.8,179.1
CH066,Zug,585.1,591.5,599.4,606.4,611.7
CH07,Ticino,128.2,129.2,129.5,129.4,128.9
CH070,Ticino,128.2,129.2,129.5,129.4,128.9
UK,United Kingdom,268.5,270.6,272.4,273.8,:
UKC,North East (UK),306.3,307.4,308.5,309.3,:
UKC1,Tees Valley and Durham,393.4,394.8,396.1,397.1,:
UKC11,Hartlepool and Stockton-on-Tees,966.3,969.4,972.7,971.9,:
UKC12,South Teesside,919.8,922.9,925.3,925.9,:
UKC13,Darlington,537.1,538.1,538.8,540.5,:
UKC14,Durham CC,233.4,234.3,235.3,236.2,:
UKC2,Northumberland and Tyne and Wear,259,259.9,260.8,261.6,:
UKC21,Northumberland,63.2,63.4,63.5,63.6,:
UKC22,Tyneside,2097.1,2107.7,2117.3,2125.1,:
UKC23,Sunderland,2014.9,2016.6,2018.6,2026.9,:
UKD,North West (UK),508.8,511.9,514.5,516.5,:
UKD1,Cumbria,73.7,73.7,73.7,73.6,:
UKD11,West Cumbria,114.1,114,113.7,113.5,:
UKD12,East Cumbria,56.1,56.2,56.2,56.3,:
UKD3,Greater Manchester,2158.9,2177.6,2193.5,2206.1,:
UKD33,Manchester,4568.5,4650.7,4712,4754.4,:
UKD34,Greater Manchester South West,2355.3,2376.4,2397.7,2417.6,:
UKD35,Greater Manchester South East,2226.3,2238.7,2249.5,2258.1,:
UKD36,Greater Manchester North West,1842.2,1850.3,1858,1864.3,:
UKD37,Greater Manchester North East,1581.3,1592.7,1602.6,1610.4,:
UKD4,Lancashire,480.3,482.5,484.1,485.5,:
UKD41,Blackburn with Darwen,1079.2,1082.8,1084.9,1085.6,:
UKD42,Blackpool,4026,4017.3,4010.3,3981.2,:
UKD44,Lancaster & Wyre,291.7,293.3,294.6,296,:
UKD45,Mid Lancashire,384.7,386.6,387.9,389,:
UKD46,East Lancashire,665.8,668.2,669.8,671.6,:
UKD47,Chorley & West Lancashire,409.8,413.5,416.8,419.2,:
UKD6,Cheshire,405.4,407.3,409.1,410.6,:
UKD61,Warrington,1150.3,1156.1,1161.9,1163.7,:
UKD62,Cheshire East,322.2,323.5,324.7,325.9,:
UKD63,Cheshire West and Chester,364.3,366.4,368.1,369.6,:
UKD7,Merseyside,2111.6,2123.6,2133.4,2135.6,:
UKD71,East Merseyside,1496.1,1502.4,1507.8,1512.7,:
UKD72,Liverpool,4300.6,4353.6,4395.6,4421.5,:
UKD73,Sefton,1790.8,1793.3,1795.1,1776.2,:
UKD74,Wirral,2048.9,2051.8,2055,2058,:
UKE,Yorkshire and The Humber,349.9,351.9,353.7,355.3,:
UKE1,East Yorkshire and Northern Lincolnshire,263.2,263.8,264.4,265.2,:
UKE11,"Kingston upon Hull, City of",3620.2,3636.6,3648.8,3677.5,:
UKE12,East Riding of Yorkshire,140,140.2,140.5,141,:
UKE13,North and North East Lincolnshire,317.8,318.4,319,319.5,:
UKE2,North Yorkshire,97.7,98.2,98.6,99,:
UKE21,York,755.8,761,765.7,770.4,:
UKE22,North Yorkshire CC,75.5,75.8,76.1,76.3,:
UKE3,South Yorkshire,886.6,892.6,898,902.8,:
UKE31,"Barnsley, Doncaster and Rotherham",681.5,685.3,688.8,691.8,:
UKE32,Sheffield,1546.5,1559.5,1571,1581.7,:
UKE4,West Yorkshire,1122.6,1130.3,1137,1142.4,:
UKE41,Bradford,1446.3,1453.1,1458.7,1464.9,:
UKE42,Leeds,1401.4,1413.8,1424,1431.9,:
UKE44,Calderdale and Kirklees,829.4,833.6,837.7,840.8,:
UKE45,Wakefield,987,996,1004,1010.2,:
UKF,East Midlands (UK),299.8,302.8,305.3,307,:
UKF1,Derbyshire and Nottinghamshire,452.1,455.5,458.5,460.9,:
UKF11,Derby,3256,3278.5,3298.4,3313.4,:
UKF12,East Derbyshire,561.9,564.2,566.2,567.8,:
UKF13,South and West Derbyshire,245.2,246.4,247.8,248.9,:
UKF14,Nottingham,4278.8,4347.9,4398.9,4405,:
UKF15,North Nottinghamshire,314.4,317,319.4,321.3,:
UKF16,South Nottinghamshire,562.1,564.7,568,572,:
UKF2,"Leicestershire, Rutland and Northamptonshire",362.8,367.5,371.5,374.6,:
UKF21,Leicester,4690.3,4760.5,4817.8,4880.5,:
UKF22,Leicestershire CC and Rutland,288.9,292.2,295.1,297.4,:
UKF24,West Northamptonshire,283.5,286.9,289.8,292.1,:
UKF25,North Northamptonshire,336.6,341.5,345.8,349.1,:
UKF3,Lincolnshire,124.6,125.8,126.7,127.1,:
UKF30,Lincolnshire,124.6,125.8,126.7,127.1,:
UKG,West Midlands (UK),443,446.9,450.4,453.2,:
UKG1,"Herefordshire, Worcestershire and Warwickshire",224.5,226.1,227.5,228.7,:
UKG11,"Herefordshire, County of",86.5,87,87.5,88,:
UKG12,Worcestershire,332.9,335.3,337.6,339.2,:
UKG13,Warwickshire,281.2,283.2,285,286.6,:
UKG2,Shropshire and Staffordshire,257.8,259.4,260.7,261.8,:
UKG21,Telford and Wrekin,591.5,598.4,604.1,609.4,:
UKG22,Shropshire CC,97.7,98.4,99,99.5,:
UKG23,Stoke-on-Trent,2696.8,2713.7,2729,2751,:
UKG24,Staffordshire CC,329.2,330.7,332,333.1,:
UKG3,West Midlands,3145.8,3181.1,3212.3,3235.7,:
UKG31,Birmingham,4159.6,4206.9,4248.5,4275.4,:
UKG32,Solihull,1183.5,1190.6,1197.9,1205.5,:
UKG33,Coventry,3489.2,3575.4,3649.3,3701,:
UKG36,Dudley,3230.3,3243,3255.5,3263.9,:
UKG37,Sandwell,3731.7,3768.8,3803,3811,:
UKG38,Walsall,2656.3,2681.3,2703,2719,:
UKG39,Wolverhampton,3678.3,3712.8,3741.7,3788.7,:
UKH,East of England,317.9,320.6,323.1,325.2,:
UKH1,East Anglia,196.3,197.8,199.1,200.1,:
UKH11,Peterborough,563.9,572.3,579.1,585.6,:
UKH12,Cambridgeshire CC,210.3,211.7,212.8,214,:
UKH14,Suffolk,196.6,197.8,198.9,199.8,:
UKH15,Norwich & East Norfolk,474.4,477.8,480.8,483.1,:
UKH16,North & West Norfolk,105.9,106.3,106.7,107.1,:
UKH17,Breckland & South Norfolk,120.6,122.1,123.6,124.8,:
UKH2,Bedfordshire and Hertfordshire,631.4,637.4,643,648.3,:
UKH21,Luton,4920.9,4960.1,4991.4,5064.1,:
UKH23,Hertfordshire,709.2,715,720.4,725.2,:
UKH24,Bedford,349.3,353.7,357.7,362.1,:
UKH25,Central Bedfordshire,380.5,386.3,391.7,396.8,:
UKH3,Essex,488,492.2,496.3,500,:
UKH31,Southend-on-Sea,4295.1,4323.7,4355,4356.9,:
UKH32,Thurrock,1016.6,1030.3,1043.1,1057.8,:
UKH34,Essex Haven Gateway,373,376.9,380.5,383.7,:
UKH35,West Essex,296.4,298.8,301.3,303.9,:
UKH36,Heart of Essex,366.8,369.4,372,374.1,:
UKH37,Essex Thames Gateway,1097.1,1104,1111.3,1119,:
UKI,London,5508.8,5570.6,5628.3,5691.3,:
UKI3,Inner London - West,10514.2,10627.4,10719,10844.6,:
UKI31,Camden & City of London,9995.6,10243.4,10439.6,10665.7,:
UKI32,Westminster,11285.6,11509.8,11669,11900.9,:
UKI33,Kensington and Chelsea & Hammersmith and Fulham,11720.8,11695.2,11677.3,11699,:
UKI34,Wandsworth,9389.8,9454.1,9520.3,9594.9,:
UKI4,Inner London - East,11029.7,11201.4,11357.1,11509.1,:
UKI41,Hackney & Newham,10994.1,11201.7,11380.9,11544.6,:
UKI42,Tower Hamlets,14664,15045.1,15409.6,15794.2,:
UKI43,Haringey & Islington,11258.2,11422,11560.2,11689.7,:
UKI44,Lewisham & Southwark,9416.3,9531.6,9644.6,9756.5,:
UKI45,Lambeth,11862.2,11952.2,12035.5,12122.7,:
UKI5,Outer London - East and North East,4320.9,4374.6,4425.5,4473.1,:
UKI51,Bexley & Greenwich,4784.7,4848,4908,4964.6,:
UKI52,Barking & Dagenham and Havering,3059.4,3112,3160.3,3200.6,:
UKI53,Redbridge & Waltham Forest,5985.1,6044.5,6103.1,6161.9,:
UKI54,Enfield,4055.8,4091.8,4126.6,4162.2,:
UKI6,Outer London - South,3611.6,3639,3668.4,3698.1,:
UKI61,Bromley,2166.2,2183,2201.7,2221.9,:
UKI62,Croydon,4420.3,4452.3,4487.1,4518.4,:
UKI63,"Merton, Kingston upon Thames & Sutton",4849.1,4886.6,4925.4,4965.9,:
UKI7,Outer London - West and North West,4407.8,4441.7,4475.4,4509.4,:
UKI71,Barnet,4356.9,4414.6,4470.4,4525.1,:
UKI72,Brent,7519.8,7589.5,7648.4,7693.2,:
UKI73,Ealing,6144.1,6145.2,6148.5,6158.2,:
UKI74,Harrow & Hillingdon,3269.3,3300.1,3330.1,3360.3,:
UKI75,Hounslow & Richmond upon Thames,4074.9,4097.8,4125.2,4156.8,:
UKJ,South East (UK),469.4,473.1,476.6,479.6,:
UKJ1,"Berkshire, Buckinghamshire and Oxfordshire",410.7,414.1,417,419.8,:
UKJ11,Berkshire,708.3,713.7,718.5,723.1,:
UKJ12,Milton Keynes,852.8,861.2,869.5,876.3,:
UKJ13,Buckinghamshire CC,336.8,340.1,343,345.7,:
UKJ14,Oxfordshire,258.7,260.4,261.9,263.2,:
UKJ2,"Surrey, East and West Sussex",521.7,525.7,529.4,532.7,:
UKJ21,Brighton and Hove,3435.3,3467.5,3494.7,3507.8,:
UKJ22,East Sussex CC,319,321.4,323.8,325.9,:
UKJ25,West Surrey,782.6,787.5,791.8,795.6,:
UKJ26,East Surrey,590.1,593.9,597.9,601.7,:
UKJ27,West Sussex (South West),412,415,418.4,421.6,:
UKJ28,West Sussex (North East),432.6,436.9,440.6,444.3,:
UKJ3,Hampshire and Isle of Wight,470.8,474.2,477.1,479.4,:
UKJ31,Portsmouth,5211.9,5270.5,5312.8,5392.2,:
UKJ32,Southampton,4934.1,5007.2,5059.1,5077.8,:
UKJ34,Isle of Wight,367.7,369.1,370.5,372,:
UKJ35,South Hampshire,1924.4,1934.8,1945.7,1955.3,:
UKJ36,Central Hampshire,211.6,212.9,214.1,215.3,:
UKJ37,North Hampshire,410,411.9,413.5,414.9,:
UKJ4,Kent,481.6,486.2,490.6,494.2,:
UKJ41,Medway,1432.8,1440.8,1450.3,1444.9,:
UKJ43,Kent Thames Gateway,644.4,652.2,659.8,667,:
UKJ44,East Kent,482.6,487.4,491.6,495.1,:
UKJ45,Mid Kent,295.8,299.4,302.9,306.3,:
UKJ46,West Kent,383.5,386.4,389,391.2,:
UKK,South West (UK),229.5,231.4,233.2,234.8,:
UKK1,"Gloucestershire, Wiltshire and Bristol/Bath area",327.1,330.1,333,335.7,:
UKK11,"Bristol, City of",4108,4155.4,4199.3,4227.4,:
UKK12,"Bath and North East Somerset, North Somerset and South Gloucestershire",549.2,554.8,559.8,564.9,:
UKK13,Gloucestershire,232.7,234.8,236.7,238.5,:
UKK14,Swindon,944.9,950.8,957.3,964.3,:
UKK15,Wiltshire CC,150,151.2,152.3,153.4,:
UKK2,Dorset and Somerset,214.5,216,217.3,218.4,:
UKK21,Bournemouth and Poole (NUTS 2016),3080.9,3102,3122.3,3134.4,:
UKK22,Dorset CC (NUTS 2016),165.5,166.4,167.1,167.7,:
UKK23,Somerset,158.4,159.7,160.9,161.9,:
UKK3,Cornwall and Isles of Scilly,155.1,156.6,157.9,159.1,:
UKK30,Cornwall and Isles of Scilly,155.1,156.6,157.9,159.1,:
UKK4,Devon,174,175.3,176.6,177.7,:
UKK41,Plymouth,3274.3,3285.3,3297.3,3299.5,:
UKK42,Torbay,2127.6,2137.9,2149.1,2155.1,:
UKK43,Devon CC,117.6,118.7,119.7,120.6,:
UKL,Wales,149.6,150.1,150.6,151,:
UKL1,West Wales and The Valleys,149,149.4,149.8,150,:
UKL11,Isle of Anglesey,98.3,98.1,98.2,98.5,:
UKL12,Gwynedd,48.4,48.6,48.8,48.9,:
UKL13,Conwy and Denbighshire,107.7,107.9,108.1,108.3,:
UKL14,South West Wales,66.4,66.4,66.6,66.8,:
UKL15,Central Valleys,554.1,556.2,557.4,557.6,:
UKL16,Gwent Valleys,667.3,668.3,669.2,669.9,:
UKL17,Bridgend and Neath Port Talbot,409.4,411.7,412.6,413,:
UKL18,Swansea,638.8,643.2,645.7,646.8,:
UKL2,East Wales,150.6,151.3,152.1,152.7,:
UKL21,Monmouthshire and Newport,231.8,233.6,234.4,234.8,:
UKL22,Cardiff and Vale of Glamorgan,1031,1039.1,1046.3,1051.1,:
UKL23,Flintshire and Wrexham,307.8,308.2,309.6,311.3,:
UKL24,Powys,25.6,25.6,25.5,25.5,:
UKM,Scotland,69,69.3,69.6,69.9,:
UKM5,North Eastern Scotland,75.6,75.7,75.9,76.2,:
UKM50,Aberdeen City and Aberdeenshire,75.6,75.7,75.9,76.2,:
UKM6,Highlands and Islands,11.6,11.6,11.6,11.7,:
UKM61,Caithness & Sutherland and Ross & Cromarty,7.3,7.3,7.3,7.4,:
UKM62,"Inverness & Nairn and Moray, Badenoch & Strathspey",25.9,26,26.1,26.1,:
UKM63,"Lochaber, Skye & Lochalsh, Arran & Cumbrae and Argyll & Bute",7,7,7,7,:
UKM64,Eilean Siar (Western Isles),8.9,8.8,8.8,8.8,:
UKM65,Orkney Islands,21.9,22.1,22.2,22.2,:
UKM66,Shetland Islands,15.8,15.8,15.8,15.8,:
UKM7,Eastern Scotland,147.8,149,150,150.8,:
UKM71,Angus and Dundee City,118.2,118.2,118.3,118.4,:
UKM72,Clackmannanshire and Fife,282.9,284,284.9,285.4,:
UKM73,East Lothian and Midlothian,184.4,186.5,188.6,190.6,:
UKM75,"Edinburgh, City of",1896.5,1926.2,1950.3,1969.8,:
UKM76,Falkirk,533,536.5,539.2,541.3,:
UKM77,Perth & Kinross and Stirling,32.5,32.7,32.8,33,:
UKM78,West Lothian,417.6,420.6,423.6,426.3,:
UKM8,West Central Scotland,786.4,793.1,797.2,800,:
UKM81,"East Dunbartonshire, West Dunbartonshire and Helensburgh & Lomond",324.6,327.2,327.6,327.3,:
UKM82,Glasgow City,3480,3517.1,3549.3,3573,:
UKM83,"Inverclyde, East Renfrewshire and Renfrewshire",582.6,585.2,587.3,588.7,:
UKM84,North Lanarkshire,717.9,719.4,721.1,722.4,:
UKM9,Southern Scotland,59.6,59.7,59.7,59.7,:
UKM91,Scottish Borders,24.1,24.2,24.3,24.3,:
UKM92,Dumfries & Galloway,23.3,23.3,23.2,23.2,:
UKM93,East Ayrshire and North Ayrshire mainland,147.4,148.1,148,147.8,:
UKM94,South Ayrshire,92,92.1,92.1,92.1,:
UKM95,South Lanarkshire,178.5,179,179.5,180,:
UKN,Northern Ireland (UK),136.5,137.3,138,138.7,:
UKN0,Northern Ireland (UK),136.5,137.3,138,138.7,:
UKN06,Belfast,2453.5,2460.8,2464.8,2470.6,:
UKN07,"Armagh City, Banbridge and Craigavon",155.3,156.9,158.5,160,:
UKN08,"Newry, Mourne and Down",104.9,105.6,106.4,107.1,:
UKN09,Ards and North Down,280.1,281.4,282.4,283.4,:
UKN10,Derry City and Strabane (NUTS 2016),119.5,119.9,120.1,120.2,:
UKN11,Mid Ulster (NUTS 2016),78.7,79.4,80.1,80.8,:
UKN12,Causeway Coast and Glens (NUTS 2016),72,72.3,72.5,72.6,:
UKN13,Antrim and Newtownabbey (NUTS 2016),245.6,246.6,247.7,248.7,:
UKN14,Lisburn and Castlereagh (NUTS 2016),276.8,279.3,281.8,284.6,:
UKN15,Mid and East Antrim (NUTS 2016),129.4,129.9,130.4,130.8,:
UKN16,Fermanagh and Omagh (NUTS 2016),40.3,40.4,40.6,40.8,:
ME,Montenegro,45,45.7,45.7,45.7,45.7
ME0,Crna Gora,45,45.7,45.7,45.7,45.7
ME00,Crna Gora,45,45.7,45.7,45.7,45.7
ME000,Crna Gora,45,45.7,45.7,45.7,45.7
MK,North Macedonia,83.1,83.2,83.3,83.4,83.4
MK0,Severna Makedonija,83.1,83.2,83.3,83.4,83.4
MK00,Severna Makedonija,83.1,83.2,83.3,83.4,83.4
MK001,Vardarski,37.9,37.8,37.7,37.6,37.5
MK002,Istocen,50.1,50,49.8,49.6,49.3
MK003,Jugozapaden,65.8,66,66,65.9,65.9
MK004,Jugoistocen,63.4,63.5,63.5,63.4,63.3
MK005,Pelagoniski,49,48.8,48.6,48.4,48.2
MK006,Poloski,132.4,132.7,132.9,133.2,133.5
MK007,Severoistocen,76.3,76.3,76.3,76.3,76.3
MK008,Skopski,341.5,343.8,345.7,347.4,349
AL,Albania,100.1,99.9,99.8,99.6,99.1
AL0,Shqipëria,100.1,99.9,99.8,99.6,99.1
AL01,Veri,77,76.6,76.1,75.5,74.8
AL011,Dibër,52.7,51.6,49.9,48.6,47.6
AL012,Durrës,362.5,366.9,373,376.5,377.2
AL013,Kukës,34.2,33.6,32.8,32.2,31.8
AL014,Lezhë,78.9,78,77,75.9,74.6
AL015,Shkodër,60,59.3,58.5,57.8,57.1
AL02,Qender,227,229.2,232.4,234.8,236.2
AL021,Elbasan,87.2,86.2,84.8,83.5,82.2
AL022,Tiranë,507.3,515.8,528.2,538.2,544.9
AL03,Jug,70.7,69.9,68.9,67.9,67.1
AL031,Berat,76,74.2,72,70.1,68.6
AL032,Fier,162.8,161.3,159.5,157.4,155.2
AL033,Gjirokastër,23.9,23.3,22.4,21.6,21
AL034,Korcë,58.6,57.8,56.9,56,55.3
AL035,Vlorë,69.6,69.7,69.9,70,69.9
RS,Serbia,:,:,91.5,91,90.5
RS1,Srbija - sever,:,:,146.1,145.9,145.6
RS11,Beogradski region,:,:,534.2,535.2,536.4
RS110,Beogradska oblast,:,:,534.2,535.2,536.4
RS12,Region Vojvodine,:,:,88.3,87.8,87.4
RS121,Zapadnobacka oblast,:,:,71.6,70.7,69.8
RS122,Juznobanatska oblast,:,:,67.6,67.1,66.7
RS123,Juznobacka oblast,:,:,157.3,157.4,157.5
RS124,Severnobanatska oblast,:,:,60.3,59.7,59.1
RS125,Severnobacka oblast,:,:,101.8,101.3,100.7
RS126,Srednjobanatska oblast,:,:,55.7,55.2,54.7
RS127,Sremska oblast,:,:,88.2,87.6,87.1
RS2,Srbija - jug,:,:,66.1,65.4,64.8
RS21,Region Sumadije i Zapadne Srbije,:,:,73.6,73,72.4
RS211,Zlatiborska oblast,:,:,44.3,43.9,43.4
RS212,Kolubarska oblast,:,:,66.9,66.3,65.7
RS213,Macvanska oblast,:,:,87.4,86.5,85.7
RS214,Moravicka oblast,:,:,67.1,66.5,65.9
RS215,Pomoravska oblast,:,:,77.6,76.7,75.8
RS216,Rasinska oblast,:,:,85.4,84.4,83.5
RS217,Raska oblast,:,:,78.2,78,77.8
RS218,Sumadijska oblast,:,:,119.9,119.2,118.4
RS22,Region Juzne i Istocne Srbije,:,:,58.4,57.8,57.2
RS221,Borska oblast,:,:,33.7,33.1,32.6
RS222,Branicevska oblast,:,:,44.8,44.2,43.6
RS223,Zajecarska oblast,:,:,30.3,29.8,29.3
RS224,Jablanicka oblast,:,:,73.5,72.7,71.9
RS225,Nisavska oblast,:,:,133.9,133.2,132.5
RS226,Pirotska oblast,:,:,31.2,30.8,30.4
RS227,Podunavska oblast,:,:,153,151.3,149.7
RS228,Pcinjska oblast,:,:,56.7,56.4,56.1
RS229,Toplicka oblast,:,:,38.3,37.8,37.3
TR,Turkey,101.6,103.4,104.8,106.2,107.7
TR1,Istanbul,2793.9,2838.8,2874.7,2900.1,2947.3
TR10,Istanbul,2793.9,2838.8,2874.7,2900.1,2947.3
TR100,Istanbul,2793.9,2838.8,2874.7,2900.1,2947.3
TR2,Bati Marmara,78.5,80.4,81.7,83.2,84.4
TR21,"Tekirdag, Edirne, Kirklareli",89.4,91.3,93.4,95.5,97.1
TR211,Tekirdag,146.1,150.4,155.7,160.2,164.1
TR212,Edirne,66.1,68.8,69.1,70,70.6
TR213,Kirklareli,55,53.7,54.4,55.1,55.6
TR22,"Balikesir, Çanakkale",70.2,71.8,72.6,73.6,74.4
TR221,Balikesir,83.1,84.2,84.8,85.9,86.7
TR222,Çanakkale,51.6,53.7,54.5,55.6,56.2
TR3,Ege,113.1,115.5,116.9,118.3,119.6
TR31,Izmir,344.7,358.1,362.8,367,370.7
TR310,Izmir,344.7,358.1,362.8,367,370.7
TR32,"Aydin, Denizli, Mugla",90.6,93.9,95.2,96.7,98.2
TR321,Aydin,133.5,137.1,138.8,140.7,142.7
TR322,Denizli,84.3,85.2,86.3,87.2,88
TR323,Mugla,70.2,74.9,76.1,77.9,79.7
TR33,"Manisa, Afyonkarahisar, Kütahya, Usak",67.2,67.5,68.1,68.7,69.3
TR331,Manisa,104.9,106,107.3,108.5,109.6
TR332,Afyonkarahisar,49.4,49.3,49.6,49.9,50.4
TR333,Kütahya,47.7,47.7,47.8,47.9,48.2
TR334,Usak,65.8,66.4,67.5,68.3,68.8
TR4,Dogu Marmara,152.1,155.9,159.2,162.1,165.2
TR41,"Bursa, Eskisehir, Bilecik",134.6,137.2,139.6,141.7,144.2
TR411,Bursa,270.1,275.2,279.7,284.2,289.9
TR412,Eskisehir,59.2,60.3,61.5,62.4,63.4
TR413,Bilecik,49.1,50.1,51.1,51.7,51.5
TR42,"Kocaeli, Sakarya, Düzce, Bolu, Yalova",176.9,182.5,187.2,191.1,195
TR421,Kocaeli,484.9,505,519.4,530,539.8
TR422,Sakarya,194.9,199.5,203.3,206.8,210.9
TR423,Düzce,139.5,142.3,145.7,149.1,151.9
TR424,Bolu,34.6,35.5,36.2,36.9,37.7
TR425,Yalova,270.9,295.9,307.3,320.1,332.4
TR5,Bati Anadolu,104.8,105.6,107.2,108.6,110.3
TR51,Ankara,212.5,214.1,217.6,220.8,224.7
TR510,Ankara,212.5,214.1,217.6,220.8,224.7
TR52,"Konya, Karaman",49.5,49.7,50.2,50.8,51.4
TR521,Konya,54.5,54.6,55.2,55.8,56.5
TR522,Karaman,27.3,27.7,28,28.3,28.7
TR6,Akdeniz,112.6,115.4,116.9,118.5,120.3
TR61,"Antalya, Isparta, Burdur",81.8,84.1,85.4,87.1,89.5
TR611,Antalya,108.8,113.2,115.1,117.5,121.1
TR612,Isparta,50.8,51.1,51.8,52.7,53.3
TR613,Burdur,37.7,37.8,38.3,38.9,39.3
TR62,"Adana, Mersin",133,136.6,138,139,140.2
TR621,Adana,156.3,160.6,161.9,162.5,163.3
TR622,Mersin,112.1,115.1,116.7,118,119.5
TR63,"Hatay, Kahramanmaras, Osmaniye",134.3,137.1,139,141.1,143.1
TR631,Hatay,262,274.4,278.1,282.9,287.7
TR632,Kahramanmaras,76.2,77.1,78.2,79.3,80.3
TR633,Osmaniye,163.2,164.1,166.5,168.4,170.2
TR7,Orta Anadolu,42.8,43.1,43.6,44.2,44.8
TR71,"Kirikkale, Aksaray, Nigde, Nevsehir, Kirsehir",48.5,48.5,49.2,50.1,50.9
TR711,Kirikkale,59.7,60.4,61.3,62.2,62.7
TR712,Aksaray,50.9,49.4,50.4,51.3,52.2
TR713,Nigde,46.9,47.4,47.8,48.7,49.4
TR714,Nevsehir,53.3,53.8,54.3,55,56
TR715,Kirsehir,35.3,35.9,36.6,37.5,38.2
TR72,"Kayseri, Sivas, Yozgat",39.9,40.3,40.6,41.1,41.5
TR721,Kayseri,78.1,79.8,80.8,81.7,82.6
TR722,Sivas,21.7,21.8,21.9,22.3,22.6
TR723,Yozgat,30.3,29.9,29.9,30.1,30.1
TR8,Bati Karadeniz,61.2,61.6,62,63,63.6
TR81,"Zonguldak, Karabük, Bartin",107.6,108.6,109.2,110,110.4
TR811,Zonguldak,180.8,180.9,181.1,181.4,181.3
TR812,Karabük,57,58.7,59.6,60.3,60.8
TR813,Bartin,91.4,92,92.7,94.3,95.4
TR82,"Kastamonu, Çankiri, Sinop",28.6,28.8,29,30,30.5
TR821,Kastamonu,28.2,28.5,28.5,28.7,29
TR822,Çankiri,24.3,24.4,24.7,26.9,27.6
TR823,Sinop,35.3,35.3,35.6,36.8,37.7
TR83,"Samsun, Tokat, Çorum, Amasya",72.5,72.7,73.4,74.3,75.1
TR831,Samsun,140.4,139.6,141.4,143.6,145.5
TR832,Tokat,59.8,59.9,60.3,60.8,61.3
TR833,Çorum,41.1,41.4,41.5,41.8,41.9
TR834,Amasya,56.6,57,57.7,58.7,59.4
TR9,Dogu Karadeniz,73.1,74.7,75.6,76.6,77.5
TR90,"Trabzon, Ordu, Giresun, Rize, Artvin, Gümüshane",73.1,74.7,75.6,76.6,77.5
TR901,Trabzon,164.6,167.5,169.4,172.5,175
TR902,Ordu,122.1,125.8,126.9,128.7,129.8
TR903,Giresun,62.7,64.6,65.4,66.1,67
TR904,Rize,84,84.3,84.6,86.8,88.4
TR905,Artvin,22.9,22.9,22.8,23.2,23.5
TR906,Gümüshane,23.1,25.2,26.6,25.9,25.5
TRA,Kuzeydogu Anadolu,31.1,31.3,31.2,31.3,31.4
TRA1,"Erzurum, Erzincan, Bayburt",26.2,26.3,26.4,26.5,26.7
TRA11,Erzurum,30.1,30.2,30.1,30.2,30.3
TRA12,Erzincan,19.2,19.2,19.6,20,20.2
TRA13,Bayburt,21.3,22.6,22.8,21.8,22.4
TRA2,"Agri, Kars, Igdir, Ardahan",37.8,38,37.7,37.8,37.8
TRA21,Agri,47.8,48.2,47.7,47.6,47.6
TRA22,Kars,29.1,29.4,29.2,29.1,29
TRA23,Igdir,53.6,55.7,56,56.7,57.3
TRA24,Ardahan,20.7,19.7,19.5,19.6,19.6
TRB,Ortadogu Anadolu,49.2,49.9,50.1,50.7,51.2
TRB1,"Malatya, Elazig, Bingöl, Tunceli",47.2,47.1,47.4,48.1,48.5
TRB11,Malatya,65.5,65.1,65.6,66.3,66.9
TRB12,Elazig,67.6,66.1,66.6,67.6,68
TRB13,Bingöl,32.3,32.8,33.1,33.8,34.2
TRB14,Tunceli,11.6,11.4,11.1,11.6,11.7
TRB2,"Van, Mus, Bitlis, Hakkari",51,52.4,52.5,53.1,53.7
TRB21,Van,56.5,59,59.3,59.9,60.7
TRB22,Mus,50.9,51.7,51.4,51.5,51.8
TRB23,Bitlis,48.3,48.9,49,49.6,50
TRB24,Hakkari,38.7,39.2,39,40.3,40.7
TRC,Güneydogu Anadolu,110.6,112.8,114.7,117,119.1
TRC1,"Gaziantep, Adiyaman, Kilis",172.8,177.3,180.4,183,185.7
TRC11,Gaziantep,280.2,287.7,293.1,297.1,301.9
TRC12,Adiyaman,85.4,86.4,87.3,88.3,89.1
TRC13,Kilis,90.8,96.1,98.2,102.5,104.8
TRC2,"Sanliurfa, Diyarbakir",103.9,105.4,107.5,109.7,111.9
TRC21,Sanliurfa,99.6,101.1,103.6,106.1,108.4
TRC22,Diyarbakir,109.2,110.9,112.4,114.3,116.2
TRC3,"Mardin, Batman, Sirnak, Siirt",82.9,84.6,85.6,87.6,89.2
TRC31,Mardin,90,91.6,92.4,94.3,95.9
TRC32,Batman,120.7,124.1,126.2,128.6,131.1
TRC33,Sirnak,68.5,69.8,70.8,73.7,75.5
TRC34,Siirt,58.4,59,59.4,60.2,60.7
